trimestre,ano,data_contabil,reg_ans,descricao,valor
1,2025,2025-01-01,316903,EVENTOS/SINISTROS CONHECIDOS OU AVISADOS DE ASSISTÊNCIA À SAÚDE,124876.67
1,2025,2025-01-01,318213,EVENTOS/SINISTROS CONHECIDOS OU AVISADOS DE ASSISTÊNCIA À SAÚDE,10087318.51
1,2025,2025-01-01,314099,EVENTOS/SINISTROS CONHECIDOS OU AVISADOS DE ASSISTÊNCIA À SAÚDE,50002359.35
1,2025,2025-01-01,315648,EVENTOS/SINISTROS CONHECIDOS OU AVISADOS DE ASSISTÊNCIA À SAÚDE,10972413.86
1,2025,2025-01-01,313211,EVENTOS/SINISTROS CONHECIDOS OU AVISADOS DE ASSISTÊNCIA À SAÚDE,30513316.65
1,2025,2025-01-01,314251,EVENTOS/SINISTROS CONHECIDOS OU AVISADOS DE ASSISTÊNCIA À SAÚDE,17698031.15
1,2025,2025-01-01,315494,EVENTOS/SINISTROS CONHECIDOS OU AVISADOS DE ASSISTÊNCIA À SAÚDE,8208157.43
1,2025,2025-01-01,315796,EVENTOS/SINISTROS CONHECIDOS OU AVISADOS DE ASSISTÊNCIA À SAÚDE,105321086.75
1,2025,2025-01-01,317144,EVENTOS/SINISTROS CONHECIDOS OU AVISADOS DE ASSISTÊNCIA À SAÚDE,630464217.6
1,2025,2025-01-01,317896,EVENTOS/SINISTROS CONHECIDOS OU AVISADOS DE ASSISTÊNCIA À SAÚDE,9288864.01
1,2025,2025-01-01,314366,EVENTOS/SINISTROS CONHECIDOS OU AVISADOS DE ASSISTÊNCIA À SAÚDE,799631.79
1,2025,2025-01-01,315044,EVENTOS/SINISTROS CONHECIDOS OU AVISADOS DE ASSISTÊNCIA À SAÚDE,50371626.16
1,2025,2025-01-01,316849,EVENTOS/SINISTROS CONHECIDOS OU AVISADOS DE ASSISTÊNCIA À SAÚDE,1680720.58
1,2025,2025-01-01,316997,EVENTOS/SINISTROS CONHECIDOS OU AVISADOS DE ASSISTÊNCIA À SAÚDE,1532924.66
1,2025,2025-01-01,313084,EVENTOS/SINISTROS CONHECIDOS OU AVISADOS DE ASSISTÊNCIA À SAÚDE,11141695.63
1,2025,2025-01-01,314668,EVENTOS/SINISTROS CONHECIDOS OU AVISADOS DE ASSISTÊNCIA À SAÚDE,43993852.92
1,2025,2025-01-01,314315,EVENTOS/SINISTROS CONHECIDOS OU AVISADOS DE ASSISTÊNCIA À SAÚDE,2717321.21
1,2025,2025-01-01,318299,EVENTOS/SINISTROS CONHECIDOS OU AVISADOS DE ASSISTÊNCIA À SAÚDE,56055174.57
1,2025,2025-01-01,316873,EVENTOS/SINISTROS CONHECIDOS OU AVISADOS DE ASSISTÊNCIA À SAÚDE,32351331.13
1,2025,2025-01-01,313475,EVENTOS/SINISTROS CONHECIDOS OU AVISADOS DE ASSISTÊNCIA À SAÚDE,3534694.43
1,2025,2025-01-01,314218,EVENTOS/SINISTROS CONHECIDOS OU AVISADOS DE ASSISTÊNCIA À SAÚDE,169184470.99
1,2025,2025-01-01,315567,EVENTOS/SINISTROS CONHECIDOS OU AVISADOS DE ASSISTÊNCIA À SAÚDE,44647215.63
1,2025,2025-01-01,323055,EVENTOS/SINISTROS CONHECIDOS OU AVISADOS DE ASSISTÊNCIA À SAÚDE,15583866.89
1,2025,2025-01-01,319996,EVENTOS/SINISTROS CONHECIDOS OU AVISADOS DE ASSISTÊNCIA À SAÚDE,327716878.07
1,2025,2025-01-01,320706,EVENTOS/SINISTROS CONHECIDOS OU AVISADOS DE ASSISTÊNCIA À SAÚDE,99022135.74
1,2025,2025-01-01,321273,EVENTOS/SINISTROS CONHECIDOS OU AVISADOS DE ASSISTÊNCIA À SAÚDE,141841342.3
1,2025,2025-01-01,323942,EVENTOS/SINISTROS CONHECIDOS OU AVISADOS DE ASSISTÊNCIA À SAÚDE,9071850.59
1,2025,2025-01-01,318477,EVENTOS/SINISTROS CONHECIDOS OU AVISADOS DE ASSISTÊNCIA À SAÚDE,26078119.04
1,2025,2025-01-01,320862,EVENTOS/SINISTROS CONHECIDOS OU AVISADOS DE ASSISTÊNCIA À SAÚDE,23663723.07
1,2025,2025-01-01,321044,EVENTOS/SINISTROS CONHECIDOS OU AVISADOS DE ASSISTÊNCIA À SAÚDE,243742001.99
1,2025,2025-01-01,322326,EVENTOS/SINISTROS CONHECIDOS OU AVISADOS DE ASSISTÊNCIA À SAÚDE,2641852.09
1,2025,2025-01-01,324299,EVENTOS/SINISTROS CONHECIDOS OU AVISADOS DE ASSISTÊNCIA À SAÚDE,8266262.51
1,2025,2025-01-01,319180,EVENTOS/SINISTROS CONHECIDOS OU AVISADOS DE ASSISTÊNCIA À SAÚDE,13224358.6
1,2025,2025-01-01,321320,EVENTOS/SINISTROS CONHECIDOS OU AVISADOS DE ASSISTÊNCIA À SAÚDE,7277769.57
1,2025,2025-01-01,323357,EVENTOS/SINISTROS CONHECIDOS OU AVISADOS DE ASSISTÊNCIA À SAÚDE,15489982.27
1,2025,2025-01-01,324175,EVENTOS/SINISTROS CONHECIDOS OU AVISADOS DE ASSISTÊNCIA À SAÚDE,6108057.87
1,2025,2025-01-01,319708,EVENTOS/SINISTROS CONHECIDOS OU AVISADOS DE ASSISTÊNCIA À SAÚDE,64956693.83
1,2025,2025-01-01,323080,EVENTOS/SINISTROS CONHECIDOS OU AVISADOS DE ASSISTÊNCIA À SAÚDE,1079143756.41
1,2025,2025-01-01,323993,EVENTOS/SINISTROS CONHECIDOS OU AVISADOS DE ASSISTÊNCIA À SAÚDE,43629564.95
1,2025,2025-01-01,318566,EVENTOS/SINISTROS CONHECIDOS OU AVISADOS DE ASSISTÊNCIA À SAÚDE,33090223.44
1,2025,2025-01-01,321087,EVENTOS/SINISTROS CONHECIDOS OU AVISADOS DE ASSISTÊNCIA À SAÚDE,12511397.37
1,2025,2025-01-01,321338,EVENTOS/SINISTROS CONHECIDOS OU AVISADOS DE ASSISTÊNCIA À SAÚDE,435104.41
1,2025,2025-01-01,314706,EVENTOS/SINISTROS CONHECIDOS OU AVISADOS DE ASSISTÊNCIA À SAÚDE,2740248.36
1,2025,2025-01-01,315265,EVENTOS/SINISTROS CONHECIDOS OU AVISADOS DE ASSISTÊNCIA À SAÚDE,16269335.75
1,2025,2025-01-01,315729,EVENTOS/SINISTROS CONHECIDOS OU AVISADOS DE ASSISTÊNCIA À SAÚDE,150617980.59
1,2025,2025-01-01,317012,EVENTOS/SINISTROS CONHECIDOS OU AVISADOS DE ASSISTÊNCIA À SAÚDE,14459494.41
1,2025,2025-01-01,318035,EVENTOS/SINISTROS CONHECIDOS OU AVISADOS DE ASSISTÊNCIA À SAÚDE,13281667.6
1,2025,2025-01-01,317233,EVENTOS/SINISTROS CONHECIDOS OU AVISADOS DE ASSISTÊNCIA À SAÚDE,69183931.15
1,2025,2025-01-01,313751,EVENTOS/SINISTROS CONHECIDOS OU AVISADOS DE ASSISTÊNCIA À SAÚDE,9311983.3
1,2025,2025-01-01,316148,EVENTOS/SINISTROS CONHECIDOS OU AVISADOS DE ASSISTÊNCIA À SAÚDE,23832819.18
1,2025,2025-01-01,312851,EVENTOS/SINISTROS CONHECIDOS OU AVISADOS DE ASSISTÊNCIA À SAÚDE,205407865.52
1,2025,2025-01-01,313149,EVENTOS/SINISTROS CONHECIDOS OU AVISADOS DE ASSISTÊNCIA À SAÚDE,1603721.59
1,2025,2025-01-01,315583,EVENTOS/SINISTROS CONHECIDOS OU AVISADOS DE ASSISTÊNCIA À SAÚDE,7083815.59
1,2025,2025-01-01,316881,EVENTOS/SINISTROS CONHECIDOS OU AVISADOS DE ASSISTÊNCIA À SAÚDE,33922104.75
1,2025,2025-01-01,314242,EVENTOS/SINISTROS CONHECIDOS OU AVISADOS DE ASSISTÊNCIA À SAÚDE,9065848.21
1,2025,2025-01-01,317632,EVENTOS/SINISTROS CONHECIDOS OU AVISADOS DE ASSISTÊNCIA À SAÚDE,79276076.54
1,2025,2025-01-01,315478,EVENTOS/SINISTROS CONHECIDOS OU AVISADOS DE ASSISTÊNCIA À SAÚDE,364742497.9
1,2025,2025-01-01,314587,EVENTOS/SINISTROS CONHECIDOS OU AVISADOS DE ASSISTÊNCIA À SAÚDE,10357420.16
1,2025,2025-01-01,314781,EVENTOS/SINISTROS CONHECIDOS OU AVISADOS DE ASSISTÊNCIA À SAÚDE,7586219.47
1,2025,2025-01-01,312720,EVENTOS/SINISTROS CONHECIDOS OU AVISADOS DE ASSISTÊNCIA À SAÚDE,153087745.8
1,2025,2025-01-01,316458,EVENTOS/SINISTROS CONHECIDOS OU AVISADOS DE ASSISTÊNCIA À SAÚDE,6654769.02
1,2025,2025-01-01,334511,EVENTOS/SINISTROS CONHECIDOS OU AVISADOS DE ASSISTÊNCIA À SAÚDE,0.0
1,2025,2025-01-01,335789,EVENTOS/SINISTROS CONHECIDOS OU AVISADOS DE ASSISTÊNCIA À SAÚDE,6026181.49
1,2025,2025-01-01,337498,EVENTOS/SINISTROS CONHECIDOS OU AVISADOS DE ASSISTÊNCIA À SAÚDE,17353529.14
1,2025,2025-01-01,333239,EVENTOS/SINISTROS CONHECIDOS OU AVISADOS DE ASSISTÊNCIA À SAÚDE,327877.36
1,2025,2025-01-01,335215,EVENTOS/SINISTROS CONHECIDOS OU AVISADOS DE ASSISTÊNCIA À SAÚDE,32036679.87
1,2025,2025-01-01,336467,EVENTOS/SINISTROS CONHECIDOS OU AVISADOS DE ASSISTÊNCIA À SAÚDE,3561761.8
1,2025,2025-01-01,331872,EVENTOS/SINISTROS CONHECIDOS OU AVISADOS DE ASSISTÊNCIA À SAÚDE,156529846.85
1,2025,2025-01-01,333051,EVENTOS/SINISTROS CONHECIDOS OU AVISADOS DE ASSISTÊNCIA À SAÚDE,56703033.04
1,2025,2025-01-01,333689,EVENTOS/SINISTROS CONHECIDOS OU AVISADOS DE ASSISTÊNCIA À SAÚDE,0.0
1,2025,2025-01-01,335517,EVENTOS/SINISTROS CONHECIDOS OU AVISADOS DE ASSISTÊNCIA À SAÚDE,18757426.0
1,2025,2025-01-01,335592,EVENTOS/SINISTROS CONHECIDOS OU AVISADOS DE ASSISTÊNCIA À SAÚDE,270493515.55
1,2025,2025-01-01,335614,EVENTOS/SINISTROS CONHECIDOS OU AVISADOS DE ASSISTÊNCIA À SAÚDE,334571901.63
1,2025,2025-01-01,337188,EVENTOS/SINISTROS CONHECIDOS OU AVISADOS DE ASSISTÊNCIA À SAÚDE,67198914.11
1,2025,2025-01-01,336017,EVENTOS/SINISTROS CONHECIDOS OU AVISADOS DE ASSISTÊNCIA À SAÚDE,881195.84
1,2025,2025-01-01,334154,EVENTOS/SINISTROS CONHECIDOS OU AVISADOS DE ASSISTÊNCIA À SAÚDE,19750274.23
1,2025,2025-01-01,335690,EVENTOS/SINISTROS CONHECIDOS OU AVISADOS DE ASSISTÊNCIA À SAÚDE,731661974.79
1,2025,2025-01-01,337561,EVENTOS/SINISTROS CONHECIDOS OU AVISADOS DE ASSISTÊNCIA À SAÚDE,4000926.67
1,2025,2025-01-01,336831,EVENTOS/SINISTROS CONHECIDOS OU AVISADOS DE ASSISTÊNCIA À SAÚDE,31218337.19
1,2025,2025-01-01,334561,EVENTOS/SINISTROS CONHECIDOS OU AVISADOS DE ASSISTÊNCIA À SAÚDE,166677558.44
1,2025,2025-01-01,335100,EVENTOS/SINISTROS CONHECIDOS OU AVISADOS DE ASSISTÊNCIA À SAÚDE,299840666.92
1,2025,2025-01-01,335258,EVENTOS/SINISTROS CONHECIDOS OU AVISADOS DE ASSISTÊNCIA À SAÚDE,5445045.63
1,2025,2025-01-01,333808,EVENTOS/SINISTROS CONHECIDOS OU AVISADOS DE ASSISTÊNCIA À SAÚDE,14157955.14
1,2025,2025-01-01,335541,EVENTOS/SINISTROS CONHECIDOS OU AVISADOS DE ASSISTÊNCIA À SAÚDE,17577919.24
1,2025,2025-01-01,331651,EVENTOS/SINISTROS CONHECIDOS OU AVISADOS DE ASSISTÊNCIA À SAÚDE,19374997.75
1,2025,2025-01-01,337374,EVENTOS/SINISTROS CONHECIDOS OU AVISADOS DE ASSISTÊNCIA À SAÚDE,62771619.91
1,2025,2025-01-01,331988,EVENTOS/SINISTROS CONHECIDOS OU AVISADOS DE ASSISTÊNCIA À SAÚDE,107911621.19
1,2025,2025-01-01,333867,EVENTOS/SINISTROS CONHECIDOS OU AVISADOS DE ASSISTÊNCIA À SAÚDE,3497216.82
1,2025,2025-01-01,336106,EVENTOS/SINISTROS CONHECIDOS OU AVISADOS DE ASSISTÊNCIA À SAÚDE,81023941.94
1,2025,2025-01-01,334243,EVENTOS/SINISTROS CONHECIDOS OU AVISADOS DE ASSISTÊNCIA À SAÚDE,1589414.59
1,2025,2025-01-01,333662,EVENTOS/SINISTROS CONHECIDOS OU AVISADOS DE ASSISTÊNCIA À SAÚDE,38230133.91
1,2025,2025-01-01,335479,EVENTOS/SINISTROS CONHECIDOS OU AVISADOS DE ASSISTÊNCIA À SAÚDE,97602867.47
1,2025,2025-01-01,335754,EVENTOS/SINISTROS CONHECIDOS OU AVISADOS DE ASSISTÊNCIA À SAÚDE,26705614.17
1,2025,2025-01-01,336858,EVENTOS/SINISTROS CONHECIDOS OU AVISADOS DE ASSISTÊNCIA À SAÚDE,20446373.6
1,2025,2025-01-01,334847,EVENTOS/SINISTROS CONHECIDOS OU AVISADOS DE ASSISTÊNCIA À SAÚDE,3864315.65
1,2025,2025-01-01,335657,EVENTOS/SINISTROS CONHECIDOS OU AVISADOS DE ASSISTÊNCIA À SAÚDE,6355130.93
1,2025,2025-01-01,333875,EVENTOS/SINISTROS CONHECIDOS OU AVISADOS DE ASSISTÊNCIA À SAÚDE,12910698.34
1,2025,2025-01-01,343404,EVENTOS/SINISTROS CONHECIDOS OU AVISADOS DE ASSISTÊNCIA À SAÚDE,456852.8
1,2025,2025-01-01,340952,EVENTOS/SINISTROS CONHECIDOS OU AVISADOS DE ASSISTÊNCIA À SAÚDE,103564720.95
1,2025,2025-01-01,342033,EVENTOS/SINISTROS CONHECIDOS OU AVISADOS DE ASSISTÊNCIA À SAÚDE,182151232.9
1,2025,2025-01-01,343765,EVENTOS/SINISTROS CONHECIDOS OU AVISADOS DE ASSISTÊNCIA À SAÚDE,7053098.66
1,2025,2025-01-01,344141,EVENTOS/SINISTROS CONHECIDOS OU AVISADOS DE ASSISTÊNCIA À SAÚDE,906076.58
1,2025,2025-01-01,338648,EVENTOS/SINISTROS CONHECIDOS OU AVISADOS DE ASSISTÊNCIA À SAÚDE,53707837.49
1,2025,2025-01-01,340251,EVENTOS/SINISTROS CONHECIDOS OU AVISADOS DE ASSISTÊNCIA À SAÚDE,17814689.32
1,2025,2025-01-01,342556,EVENTOS/SINISTROS CONHECIDOS OU AVISADOS DE ASSISTÊNCIA À SAÚDE,52919238.97
1,2025,2025-01-01,343463,EVENTOS/SINISTROS CONHECIDOS OU AVISADOS DE ASSISTÊNCIA À SAÚDE,17881191.25
1,2025,2025-01-01,344184,EVENTOS/SINISTROS CONHECIDOS OU AVISADOS DE ASSISTÊNCIA À SAÚDE,870623.44
1,2025,2025-01-01,343722,EVENTOS/SINISTROS CONHECIDOS OU AVISADOS DE ASSISTÊNCIA À SAÚDE,3092026.22
1,2025,2025-01-01,342131,EVENTOS/SINISTROS CONHECIDOS OU AVISADOS DE ASSISTÊNCIA À SAÚDE,7008542.91
1,2025,2025-01-01,343056,EVENTOS/SINISTROS CONHECIDOS OU AVISADOS DE ASSISTÊNCIA À SAÚDE,999387.0
1,2025,2025-01-01,343269,EVENTOS/SINISTROS CONHECIDOS OU AVISADOS DE ASSISTÊNCIA À SAÚDE,245045365.32
1,2025,2025-01-01,342343,EVENTOS/SINISTROS CONHECIDOS OU AVISADOS DE ASSISTÊNCIA À SAÚDE,11512466.77
1,2025,2025-01-01,339458,EVENTOS/SINISTROS CONHECIDOS OU AVISADOS DE ASSISTÊNCIA À SAÚDE,1080645.17
1,2025,2025-01-01,342611,EVENTOS/SINISTROS CONHECIDOS OU AVISADOS DE ASSISTÊNCIA À SAÚDE,23153541.99
1,2025,2025-01-01,343676,EVENTOS/SINISTROS CONHECIDOS OU AVISADOS DE ASSISTÊNCIA À SAÚDE,14743583.84
1,2025,2025-01-01,337871,EVENTOS/SINISTROS CONHECIDOS OU AVISADOS DE ASSISTÊNCIA À SAÚDE,49143544.43
1,2025,2025-01-01,339954,EVENTOS/SINISTROS CONHECIDOS OU AVISADOS DE ASSISTÊNCIA À SAÚDE,157409414.32
1,2025,2025-01-01,341819,EVENTOS/SINISTROS CONHECIDOS OU AVISADOS DE ASSISTÊNCIA À SAÚDE,77318.87
1,2025,2025-01-01,343064,EVENTOS/SINISTROS CONHECIDOS OU AVISADOS DE ASSISTÊNCIA À SAÚDE,21877779.92
1,2025,2025-01-01,320820,EVENTOS/SINISTROS CONHECIDOS OU AVISADOS DE ASSISTÊNCIA À SAÚDE,10621677.99
1,2025,2025-01-01,322571,EVENTOS/SINISTROS CONHECIDOS OU AVISADOS DE ASSISTÊNCIA À SAÚDE,28141048.27
1,2025,2025-01-01,320251,EVENTOS/SINISTROS CONHECIDOS OU AVISADOS DE ASSISTÊNCIA À SAÚDE,53709608.73
1,2025,2025-01-01,321931,EVENTOS/SINISTROS CONHECIDOS OU AVISADOS DE ASSISTÊNCIA À SAÚDE,9322498.9
1,2025,2025-01-01,324213,EVENTOS/SINISTROS CONHECIDOS OU AVISADOS DE ASSISTÊNCIA À SAÚDE,789965.75
1,2025,2025-01-01,319384,EVENTOS/SINISTROS CONHECIDOS OU AVISADOS DE ASSISTÊNCIA À SAÚDE,40390631.4
1,2025,2025-01-01,320897,EVENTOS/SINISTROS CONHECIDOS OU AVISADOS DE ASSISTÊNCIA À SAÚDE,20249243.68
1,2025,2025-01-01,319872,EVENTOS/SINISTROS CONHECIDOS OU AVISADOS DE ASSISTÊNCIA À SAÚDE,1143068.51
1,2025,2025-01-01,321125,EVENTOS/SINISTROS CONHECIDOS OU AVISADOS DE ASSISTÊNCIA À SAÚDE,4786366.8
1,2025,2025-01-01,323004,EVENTOS/SINISTROS CONHECIDOS OU AVISADOS DE ASSISTÊNCIA À SAÚDE,3900110.78
1,2025,2025-01-01,323926,EVENTOS/SINISTROS CONHECIDOS OU AVISADOS DE ASSISTÊNCIA À SAÚDE,20196152.93
1,2025,2025-01-01,318388,EVENTOS/SINISTROS CONHECIDOS OU AVISADOS DE ASSISTÊNCIA À SAÚDE,24271559.9
1,2025,2025-01-01,320838,EVENTOS/SINISTROS CONHECIDOS OU AVISADOS DE ASSISTÊNCIA À SAÚDE,211424.53
1,2025,2025-01-01,321958,EVENTOS/SINISTROS CONHECIDOS OU AVISADOS DE ASSISTÊNCIA À SAÚDE,73945719.99
1,2025,2025-01-01,323268,EVENTOS/SINISTROS CONHECIDOS OU AVISADOS DE ASSISTÊNCIA À SAÚDE,91983366.71
1,2025,2025-01-01,324159,EVENTOS/SINISTROS CONHECIDOS OU AVISADOS DE ASSISTÊNCIA À SAÚDE,16342222.58
1,2025,2025-01-01,319121,EVENTOS/SINISTROS CONHECIDOS OU AVISADOS DE ASSISTÊNCIA À SAÚDE,130730182.03
1,2025,2025-01-01,319422,EVENTOS/SINISTROS CONHECIDOS OU AVISADOS DE ASSISTÊNCIA À SAÚDE,19887001.39
1,2025,2025-01-01,322831,EVENTOS/SINISTROS CONHECIDOS OU AVISADOS DE ASSISTÊNCIA À SAÚDE,21216307.03
1,2025,2025-01-01,322890,EVENTOS/SINISTROS CONHECIDOS OU AVISADOS DE ASSISTÊNCIA À SAÚDE,1177388.69
1,2025,2025-01-01,000884,EVENTOS/SINISTROS CONHECIDOS OU AVISADOS DE ASSISTÊNCIA À SAÚDE,81422920.47
1,2025,2025-01-01,000477,EVENTOS/SINISTROS CONHECIDOS OU AVISADOS DE ASSISTÊNCIA À SAÚDE,109229912.42
1,2025,2025-01-01,000701,EVENTOS/SINISTROS CONHECIDOS OU AVISADOS DE ASSISTÊNCIA À SAÚDE,1202391325.43
1,2025,2025-01-01,000515,EVENTOS/SINISTROS CONHECIDOS OU AVISADOS DE ASSISTÊNCIA À SAÚDE,7578361.4
1,2025,2025-01-01,005711,EVENTOS/SINISTROS CONHECIDOS OU AVISADOS DE ASSISTÊNCIA À SAÚDE,7463958959.19
1,2025,2025-01-01,000582,EVENTOS/SINISTROS CONHECIDOS OU AVISADOS DE ASSISTÊNCIA À SAÚDE,1246023731.49
1,2025,2025-01-01,325465,EVENTOS/SINISTROS CONHECIDOS OU AVISADOS DE ASSISTÊNCIA À SAÚDE,8463922.55
1,2025,2025-01-01,329886,EVENTOS/SINISTROS CONHECIDOS OU AVISADOS DE ASSISTÊNCIA À SAÚDE,23578925.82
1,2025,2025-01-01,330809,EVENTOS/SINISTROS CONHECIDOS OU AVISADOS DE ASSISTÊNCIA À SAÚDE,28409686.98
1,2025,2025-01-01,325031,EVENTOS/SINISTROS CONHECIDOS OU AVISADOS DE ASSISTÊNCIA À SAÚDE,19335249.33
1,2025,2025-01-01,327689,EVENTOS/SINISTROS CONHECIDOS OU AVISADOS DE ASSISTÊNCIA À SAÚDE,251716396.75
1,2025,2025-01-01,324493,EVENTOS/SINISTROS CONHECIDOS OU AVISADOS DE ASSISTÊNCIA À SAÚDE,49350350.98
1,2025,2025-01-01,327468,EVENTOS/SINISTROS CONHECIDOS OU AVISADOS DE ASSISTÊNCIA À SAÚDE,6143748.84
1,2025,2025-01-01,328308,EVENTOS/SINISTROS CONHECIDOS OU AVISADOS DE ASSISTÊNCIA À SAÚDE,9866697.12
1,2025,2025-01-01,330264,EVENTOS/SINISTROS CONHECIDOS OU AVISADOS DE ASSISTÊNCIA À SAÚDE,26623117.15
1,2025,2025-01-01,326755,EVENTOS/SINISTROS CONHECIDOS OU AVISADOS DE ASSISTÊNCIA À SAÚDE,44681286.78
1,2025,2025-01-01,330892,EVENTOS/SINISTROS CONHECIDOS OU AVISADOS DE ASSISTÊNCIA À SAÚDE,4607511.86
1,2025,2025-01-01,324345,EVENTOS/SINISTROS CONHECIDOS OU AVISADOS DE ASSISTÊNCIA À SAÚDE,32305635.12
1,2025,2025-01-01,327352,EVENTOS/SINISTROS CONHECIDOS OU AVISADOS DE ASSISTÊNCIA À SAÚDE,6965318.44
1,2025,2025-01-01,329339,EVENTOS/SINISTROS CONHECIDOS OU AVISADOS DE ASSISTÊNCIA À SAÚDE,71352337.04
1,2025,2025-01-01,324523,EVENTOS/SINISTROS CONHECIDOS OU AVISADOS DE ASSISTÊNCIA À SAÚDE,190.4
1,2025,2025-01-01,325236,EVENTOS/SINISTROS CONHECIDOS OU AVISADOS DE ASSISTÊNCIA À SAÚDE,21437499.62
1,2025,2025-01-01,326305,EVENTOS/SINISTROS CONHECIDOS OU AVISADOS DE ASSISTÊNCIA À SAÚDE,5183516348.17
1,2025,2025-01-01,325082,EVENTOS/SINISTROS CONHECIDOS OU AVISADOS DE ASSISTÊNCIA À SAÚDE,3188270.48
1,2025,2025-01-01,327557,EVENTOS/SINISTROS CONHECIDOS OU AVISADOS DE ASSISTÊNCIA À SAÚDE,25364892.06
1,2025,2025-01-01,330281,EVENTOS/SINISTROS CONHECIDOS OU AVISADOS DE ASSISTÊNCIA À SAÚDE,11539540.48
1,2025,2025-01-01,417211,EVENTOS/SINISTROS CONHECIDOS OU AVISADOS DE ASSISTÊNCIA À SAÚDE,16285548.66
1,2025,2025-01-01,417599,EVENTOS/SINISTROS CONHECIDOS OU AVISADOS DE ASSISTÊNCIA À SAÚDE,22952395.42
1,2025,2025-01-01,417947,EVENTOS/SINISTROS CONHECIDOS OU AVISADOS DE ASSISTÊNCIA À SAÚDE,31989997.08
1,2025,2025-01-01,416738,EVENTOS/SINISTROS CONHECIDOS OU AVISADOS DE ASSISTÊNCIA À SAÚDE,17581578.14
1,2025,2025-01-01,417106,EVENTOS/SINISTROS CONHECIDOS OU AVISADOS DE ASSISTÊNCIA À SAÚDE,571094.06
1,2025,2025-01-01,417611,EVENTOS/SINISTROS CONHECIDOS OU AVISADOS DE ASSISTÊNCIA À SAÚDE,0.0
1,2025,2025-01-01,416525,EVENTOS/SINISTROS CONHECIDOS OU AVISADOS DE ASSISTÊNCIA À SAÚDE,2510288.89
1,2025,2025-01-01,417220,EVENTOS/SINISTROS CONHECIDOS OU AVISADOS DE ASSISTÊNCIA À SAÚDE,599121.58
1,2025,2025-01-01,417505,EVENTOS/SINISTROS CONHECIDOS OU AVISADOS DE ASSISTÊNCIA À SAÚDE,132797627.1
1,2025,2025-01-01,417955,EVENTOS/SINISTROS CONHECIDOS OU AVISADOS DE ASSISTÊNCIA À SAÚDE,14901079.61
1,2025,2025-01-01,418137,EVENTOS/SINISTROS CONHECIDOS OU AVISADOS DE ASSISTÊNCIA À SAÚDE,6068644.17
1,2025,2025-01-01,415987,EVENTOS/SINISTROS CONHECIDOS OU AVISADOS DE ASSISTÊNCIA À SAÚDE,1003244.0
1,2025,2025-01-01,416568,EVENTOS/SINISTROS CONHECIDOS OU AVISADOS DE ASSISTÊNCIA À SAÚDE,38740739.77
1,2025,2025-01-01,417131,EVENTOS/SINISTROS CONHECIDOS OU AVISADOS DE ASSISTÊNCIA À SAÚDE,389613.02
1,2025,2025-01-01,418129,EVENTOS/SINISTROS CONHECIDOS OU AVISADOS DE ASSISTÊNCIA À SAÚDE,1396634.04
1,2025,2025-01-01,417297,EVENTOS/SINISTROS CONHECIDOS OU AVISADOS DE ASSISTÊNCIA À SAÚDE,23126543.1
1,2025,2025-01-01,417475,EVENTOS/SINISTROS CONHECIDOS OU AVISADOS DE ASSISTÊNCIA À SAÚDE,1902058.39
1,2025,2025-01-01,417530,EVENTOS/SINISTROS CONHECIDOS OU AVISADOS DE ASSISTÊNCIA À SAÚDE,79975714.81
1,2025,2025-01-01,418021,EVENTOS/SINISTROS CONHECIDOS OU AVISADOS DE ASSISTÊNCIA À SAÚDE,79122992.6
1,2025,2025-01-01,416584,EVENTOS/SINISTROS CONHECIDOS OU AVISADOS DE ASSISTÊNCIA À SAÚDE,10560674.66
1,2025,2025-01-01,416801,EVENTOS/SINISTROS CONHECIDOS OU AVISADOS DE ASSISTÊNCIA À SAÚDE,19193475.37
1,2025,2025-01-01,417815,EVENTOS/SINISTROS CONHECIDOS OU AVISADOS DE ASSISTÊNCIA À SAÚDE,15739931.42
1,2025,2025-01-01,416398,EVENTOS/SINISTROS CONHECIDOS OU AVISADOS DE ASSISTÊNCIA À SAÚDE,16405470.3
1,2025,2025-01-01,416428,EVENTOS/SINISTROS CONHECIDOS OU AVISADOS DE ASSISTÊNCIA À SAÚDE,957245.32
1,2025,2025-01-01,417424,EVENTOS/SINISTROS CONHECIDOS OU AVISADOS DE ASSISTÊNCIA À SAÚDE,0.0
1,2025,2025-01-01,417661,EVENTOS/SINISTROS CONHECIDOS OU AVISADOS DE ASSISTÊNCIA À SAÚDE,14500394.46
1,2025,2025-01-01,415944,EVENTOS/SINISTROS CONHECIDOS OU AVISADOS DE ASSISTÊNCIA À SAÚDE,22787.51
1,2025,2025-01-01,417548,EVENTOS/SINISTROS CONHECIDOS OU AVISADOS DE ASSISTÊNCIA À SAÚDE,43377325.24
1,2025,2025-01-01,417831,EVENTOS/SINISTROS CONHECIDOS OU AVISADOS DE ASSISTÊNCIA À SAÚDE,809017.63
1,2025,2025-01-01,416410,EVENTOS/SINISTROS CONHECIDOS OU AVISADOS DE ASSISTÊNCIA À SAÚDE,5965.44
1,2025,2025-01-01,416690,EVENTOS/SINISTROS CONHECIDOS OU AVISADOS DE ASSISTÊNCIA À SAÚDE,18015640.58
1,2025,2025-01-01,416401,EVENTOS/SINISTROS CONHECIDOS OU AVISADOS DE ASSISTÊNCIA À SAÚDE,45266162.17
1,2025,2025-01-01,416495,EVENTOS/SINISTROS CONHECIDOS OU AVISADOS DE ASSISTÊNCIA À SAÚDE,17918470.41
1,2025,2025-01-01,418072,EVENTOS/SINISTROS CONHECIDOS OU AVISADOS DE ASSISTÊNCIA À SAÚDE,375699.46
1,2025,2025-01-01,415936,EVENTOS/SINISTROS CONHECIDOS OU AVISADOS DE ASSISTÊNCIA À SAÚDE,9633222.16
1,2025,2025-01-01,417491,EVENTOS/SINISTROS CONHECIDOS OU AVISADOS DE ASSISTÊNCIA À SAÚDE,649130.14
1,2025,2025-01-01,419419,EVENTOS/SINISTROS CONHECIDOS OU AVISADOS DE ASSISTÊNCIA À SAÚDE,8828716.14
1,2025,2025-01-01,419753,EVENTOS/SINISTROS CONHECIDOS OU AVISADOS DE ASSISTÊNCIA À SAÚDE,1764529.54
1,2025,2025-01-01,419052,EVENTOS/SINISTROS CONHECIDOS OU AVISADOS DE ASSISTÊNCIA À SAÚDE,13591734.59
1,2025,2025-01-01,419141,EVENTOS/SINISTROS CONHECIDOS OU AVISADOS DE ASSISTÊNCIA À SAÚDE,27196266.38
1,2025,2025-01-01,419524,EVENTOS/SINISTROS CONHECIDOS OU AVISADOS DE ASSISTÊNCIA À SAÚDE,336981.28
1,2025,2025-01-01,418617,EVENTOS/SINISTROS CONHECIDOS OU AVISADOS DE ASSISTÊNCIA À SAÚDE,10520931.21
1,2025,2025-01-01,418218,EVENTOS/SINISTROS CONHECIDOS OU AVISADOS DE ASSISTÊNCIA À SAÚDE,782541.49
1,2025,2025-01-01,418501,EVENTOS/SINISTROS CONHECIDOS OU AVISADOS DE ASSISTÊNCIA À SAÚDE,2630081.21
1,2025,2025-01-01,418161,EVENTOS/SINISTROS CONHECIDOS OU AVISADOS DE ASSISTÊNCIA À SAÚDE,0.0
1,2025,2025-01-01,418803,EVENTOS/SINISTROS CONHECIDOS OU AVISADOS DE ASSISTÊNCIA À SAÚDE,21057309.33
1,2025,2025-01-01,419010,EVENTOS/SINISTROS CONHECIDOS OU AVISADOS DE ASSISTÊNCIA À SAÚDE,95995914.84
1,2025,2025-01-01,419079,EVENTOS/SINISTROS CONHECIDOS OU AVISADOS DE ASSISTÊNCIA À SAÚDE,0.0
1,2025,2025-01-01,419427,EVENTOS/SINISTROS CONHECIDOS OU AVISADOS DE ASSISTÊNCIA À SAÚDE,14240666.38
1,2025,2025-01-01,418650,EVENTOS/SINISTROS CONHECIDOS OU AVISADOS DE ASSISTÊNCIA À SAÚDE,35726282.27
1,2025,2025-01-01,419150,EVENTOS/SINISTROS CONHECIDOS OU AVISADOS DE ASSISTÊNCIA À SAÚDE,13807534.81
1,2025,2025-01-01,418226,EVENTOS/SINISTROS CONHECIDOS OU AVISADOS DE ASSISTÊNCIA À SAÚDE,2459541.81
1,2025,2025-01-01,418994,EVENTOS/SINISTROS CONHECIDOS OU AVISADOS DE ASSISTÊNCIA À SAÚDE,152781.96
1,2025,2025-01-01,419257,EVENTOS/SINISTROS CONHECIDOS OU AVISADOS DE ASSISTÊNCIA À SAÚDE,0.0
1,2025,2025-01-01,419591,EVENTOS/SINISTROS CONHECIDOS OU AVISADOS DE ASSISTÊNCIA À SAÚDE,1582541.58
1,2025,2025-01-01,419851,EVENTOS/SINISTROS CONHECIDOS OU AVISADOS DE ASSISTÊNCIA À SAÚDE,2442556.97
1,2025,2025-01-01,418820,EVENTOS/SINISTROS CONHECIDOS OU AVISADOS DE ASSISTÊNCIA À SAÚDE,11199471.72
1,2025,2025-01-01,419354,EVENTOS/SINISTROS CONHECIDOS OU AVISADOS DE ASSISTÊNCIA À SAÚDE,265778.45
1,2025,2025-01-01,418285,EVENTOS/SINISTROS CONHECIDOS OU AVISADOS DE ASSISTÊNCIA À SAÚDE,0.0
1,2025,2025-01-01,419249,EVENTOS/SINISTROS CONHECIDOS OU AVISADOS DE ASSISTÊNCIA À SAÚDE,118627777.23
1,2025,2025-01-01,419486,EVENTOS/SINISTROS CONHECIDOS OU AVISADOS DE ASSISTÊNCIA À SAÚDE,14239565.21
1,2025,2025-01-01,419699,EVENTOS/SINISTROS CONHECIDOS OU AVISADOS DE ASSISTÊNCIA À SAÚDE,9411575.66
1,2025,2025-01-01,418731,EVENTOS/SINISTROS CONHECIDOS OU AVISADOS DE ASSISTÊNCIA À SAÚDE,17094114.93
1,2025,2025-01-01,419133,EVENTOS/SINISTROS CONHECIDOS OU AVISADOS DE ASSISTÊNCIA À SAÚDE,0.0
1,2025,2025-01-01,418919,EVENTOS/SINISTROS CONHECIDOS OU AVISADOS DE ASSISTÊNCIA À SAÚDE,10875226.86
1,2025,2025-01-01,419281,EVENTOS/SINISTROS CONHECIDOS OU AVISADOS DE ASSISTÊNCIA À SAÚDE,489019.5
1,2025,2025-01-01,418374,EVENTOS/SINISTROS CONHECIDOS OU AVISADOS DE ASSISTÊNCIA À SAÚDE,23918104.23
1,2025,2025-01-01,418587,EVENTOS/SINISTROS CONHECIDOS OU AVISADOS DE ASSISTÊNCIA À SAÚDE,16843323.6
1,2025,2025-01-01,419028,EVENTOS/SINISTROS CONHECIDOS OU AVISADOS DE ASSISTÊNCIA À SAÚDE,665938.52
1,2025,2025-01-01,419516,EVENTOS/SINISTROS CONHECIDOS OU AVISADOS DE ASSISTÊNCIA À SAÚDE,7880938.08
1,2025,2025-01-01,418170,EVENTOS/SINISTROS CONHECIDOS OU AVISADOS DE ASSISTÊNCIA À SAÚDE,90825153.94
1,2025,2025-01-01,418749,EVENTOS/SINISTROS CONHECIDOS OU AVISADOS DE ASSISTÊNCIA À SAÚDE,1421130.06
1,2025,2025-01-01,419567,EVENTOS/SINISTROS CONHECIDOS OU AVISADOS DE ASSISTÊNCIA À SAÚDE,0.0
1,2025,2025-01-01,415901,EVENTOS/SINISTROS CONHECIDOS OU AVISADOS DE ASSISTÊNCIA À SAÚDE,352014.83
1,2025,2025-01-01,413372,EVENTOS/SINISTROS CONHECIDOS OU AVISADOS DE ASSISTÊNCIA À SAÚDE,4560975.64
1,2025,2025-01-01,415243,EVENTOS/SINISTROS CONHECIDOS OU AVISADOS DE ASSISTÊNCIA À SAÚDE,1055944.49
1,2025,2025-01-01,412252,EVENTOS/SINISTROS CONHECIDOS OU AVISADOS DE ASSISTÊNCIA À SAÚDE,5720079.57
1,2025,2025-01-01,413747,EVENTOS/SINISTROS CONHECIDOS OU AVISADOS DE ASSISTÊNCIA À SAÚDE,1024378.27
1,2025,2025-01-01,413160,EVENTOS/SINISTROS CONHECIDOS OU AVISADOS DE ASSISTÊNCIA À SAÚDE,11505590.76
1,2025,2025-01-01,413283,EVENTOS/SINISTROS CONHECIDOS OU AVISADOS DE ASSISTÊNCIA À SAÚDE,1049524.89
1,2025,2025-01-01,414573,EVENTOS/SINISTROS CONHECIDOS OU AVISADOS DE ASSISTÊNCIA À SAÚDE,18189924.25
1,2025,2025-01-01,414689,EVENTOS/SINISTROS CONHECIDOS OU AVISADOS DE ASSISTÊNCIA À SAÚDE,180791.11
1,2025,2025-01-01,413429,EVENTOS/SINISTROS CONHECIDOS OU AVISADOS DE ASSISTÊNCIA À SAÚDE,4834890.59
1,2025,2025-01-01,414352,EVENTOS/SINISTROS CONHECIDOS OU AVISADOS DE ASSISTÊNCIA À SAÚDE,31068332.34
1,2025,2025-01-01,415014,EVENTOS/SINISTROS CONHECIDOS OU AVISADOS DE ASSISTÊNCIA À SAÚDE,22185216.14
1,2025,2025-01-01,411809,EVENTOS/SINISTROS CONHECIDOS OU AVISADOS DE ASSISTÊNCIA À SAÚDE,2736964.36
1,2025,2025-01-01,414026,EVENTOS/SINISTROS CONHECIDOS OU AVISADOS DE ASSISTÊNCIA À SAÚDE,1723004.23
1,2025,2025-01-01,415626,EVENTOS/SINISTROS CONHECIDOS OU AVISADOS DE ASSISTÊNCIA À SAÚDE,5620691.53
1,2025,2025-01-01,411256,EVENTOS/SINISTROS CONHECIDOS OU AVISADOS DE ASSISTÊNCIA À SAÚDE,117341647.77
1,2025,2025-01-01,412295,EVENTOS/SINISTROS CONHECIDOS OU AVISADOS DE ASSISTÊNCIA À SAÚDE,18787062.43
1,2025,2025-01-01,413267,EVENTOS/SINISTROS CONHECIDOS OU AVISADOS DE ASSISTÊNCIA À SAÚDE,765564.2
1,2025,2025-01-01,414701,EVENTOS/SINISTROS CONHECIDOS OU AVISADOS DE ASSISTÊNCIA À SAÚDE,1979318.83
1,2025,2025-01-01,413518,EVENTOS/SINISTROS CONHECIDOS OU AVISADOS DE ASSISTÊNCIA À SAÚDE,4640171.6
1,2025,2025-01-01,414581,EVENTOS/SINISTROS CONHECIDOS OU AVISADOS DE ASSISTÊNCIA À SAÚDE,45181487.96
1,2025,2025-01-01,415111,EVENTOS/SINISTROS CONHECIDOS OU AVISADOS DE ASSISTÊNCIA À SAÚDE,64031200.36
1,2025,2025-01-01,411868,EVENTOS/SINISTROS CONHECIDOS OU AVISADOS DE ASSISTÊNCIA À SAÚDE,1700187.61
1,2025,2025-01-01,414387,EVENTOS/SINISTROS CONHECIDOS OU AVISADOS DE ASSISTÊNCIA À SAÚDE,1402730.29
1,2025,2025-01-01,408794,EVENTOS/SINISTROS CONHECIDOS OU AVISADOS DE ASSISTÊNCIA À SAÚDE,7608869.12
1,2025,2025-01-01,409405,EVENTOS/SINISTROS CONHECIDOS OU AVISADOS DE ASSISTÊNCIA À SAÚDE,894203.92
1,2025,2025-01-01,397245,EVENTOS/SINISTROS CONHECIDOS OU AVISADOS DE ASSISTÊNCIA À SAÚDE,246697.19
1,2025,2025-01-01,406481,EVENTOS/SINISTROS CONHECIDOS OU AVISADOS DE ASSISTÊNCIA À SAÚDE,22234317.07
1,2025,2025-01-01,410128,EVENTOS/SINISTROS CONHECIDOS OU AVISADOS DE ASSISTÊNCIA À SAÚDE,9726022.39
1,2025,2025-01-01,407534,EVENTOS/SINISTROS CONHECIDOS OU AVISADOS DE ASSISTÊNCIA À SAÚDE,580654.64
1,2025,2025-01-01,408522,EVENTOS/SINISTROS CONHECIDOS OU AVISADOS DE ASSISTÊNCIA À SAÚDE,319247.03
1,2025,2025-01-01,385697,EVENTOS/SINISTROS CONHECIDOS OU AVISADOS DE ASSISTÊNCIA À SAÚDE,95398452.88
1,2025,2025-01-01,389854,EVENTOS/SINISTROS CONHECIDOS OU AVISADOS DE ASSISTÊNCIA À SAÚDE,2930715.33
1,2025,2025-01-01,402206,EVENTOS/SINISTROS CONHECIDOS OU AVISADOS DE ASSISTÊNCIA À SAÚDE,5232657.39
1,2025,2025-01-01,409413,EVENTOS/SINISTROS CONHECIDOS OU AVISADOS DE ASSISTÊNCIA À SAÚDE,3165861.66
1,2025,2025-01-01,386901,EVENTOS/SINISTROS CONHECIDOS OU AVISADOS DE ASSISTÊNCIA À SAÚDE,6517994.08
1,2025,2025-01-01,410292,EVENTOS/SINISTROS CONHECIDOS OU AVISADOS DE ASSISTÊNCIA À SAÚDE,16902827.55
1,2025,2025-01-01,390259,EVENTOS/SINISTROS CONHECIDOS OU AVISADOS DE ASSISTÊNCIA À SAÚDE,2014195.19
1,2025,2025-01-01,401081,EVENTOS/SINISTROS CONHECIDOS OU AVISADOS DE ASSISTÊNCIA À SAÚDE,28481426.3
1,2025,2025-01-01,406554,EVENTOS/SINISTROS CONHECIDOS OU AVISADOS DE ASSISTÊNCIA À SAÚDE,38013823.01
1,2025,2025-01-01,402966,EVENTOS/SINISTROS CONHECIDOS OU AVISADOS DE ASSISTÊNCIA À SAÚDE,4242181.01
1,2025,2025-01-01,409634,EVENTOS/SINISTROS CONHECIDOS OU AVISADOS DE ASSISTÊNCIA À SAÚDE,1965306.44
1,2025,2025-01-01,411248,EVENTOS/SINISTROS CONHECIDOS OU AVISADOS DE ASSISTÊNCIA À SAÚDE,1324809.39
1,2025,2025-01-01,387185,EVENTOS/SINISTROS CONHECIDOS OU AVISADOS DE ASSISTÊNCIA À SAÚDE,7661832.38
1,2025,2025-01-01,406945,EVENTOS/SINISTROS CONHECIDOS OU AVISADOS DE ASSISTÊNCIA À SAÚDE,12567283.61
1,2025,2025-01-01,410608,EVENTOS/SINISTROS CONHECIDOS OU AVISADOS DE ASSISTÊNCIA À SAÚDE,3236135.14
1,2025,2025-01-01,406635,EVENTOS/SINISTROS CONHECIDOS OU AVISADOS DE ASSISTÊNCIA À SAÚDE,1919266.64
1,2025,2025-01-01,408026,EVENTOS/SINISTROS CONHECIDOS OU AVISADOS DE ASSISTÊNCIA À SAÚDE,1033465.14
1,2025,2025-01-01,386588,EVENTOS/SINISTROS CONHECIDOS OU AVISADOS DE ASSISTÊNCIA À SAÚDE,70181013.45
1,2025,2025-01-01,394734,EVENTOS/SINISTROS CONHECIDOS OU AVISADOS DE ASSISTÊNCIA À SAÚDE,19275496.44
1,2025,2025-01-01,403962,EVENTOS/SINISTROS CONHECIDOS OU AVISADOS DE ASSISTÊNCIA À SAÚDE,14298939.01
1,2025,2025-01-01,409243,EVENTOS/SINISTROS CONHECIDOS OU AVISADOS DE ASSISTÊNCIA À SAÚDE,43265817.19
1,2025,2025-01-01,388092,EVENTOS/SINISTROS CONHECIDOS OU AVISADOS DE ASSISTÊNCIA À SAÚDE,2074564.59
1,2025,2025-01-01,392804,EVENTOS/SINISTROS CONHECIDOS OU AVISADOS DE ASSISTÊNCIA À SAÚDE,97572781.51
1,2025,2025-01-01,401480,EVENTOS/SINISTROS CONHECIDOS OU AVISADOS DE ASSISTÊNCIA À SAÚDE,5789070.46
1,2025,2025-01-01,408034,EVENTOS/SINISTROS CONHECIDOS OU AVISADOS DE ASSISTÊNCIA À SAÚDE,1193697.96
1,2025,2025-01-01,409791,EVENTOS/SINISTROS CONHECIDOS OU AVISADOS DE ASSISTÊNCIA À SAÚDE,1489290.41
1,2025,2025-01-01,406805,EVENTOS/SINISTROS CONHECIDOS OU AVISADOS DE ASSISTÊNCIA À SAÚDE,5088486.78
1,2025,2025-01-01,407011,EVENTOS/SINISTROS CONHECIDOS OU AVISADOS DE ASSISTÊNCIA À SAÚDE,1671527.09
1,2025,2025-01-01,410624,EVENTOS/SINISTROS CONHECIDOS OU AVISADOS DE ASSISTÊNCIA À SAÚDE,2392355.71
1,2025,2025-01-01,385620,EVENTOS/SINISTROS CONHECIDOS OU AVISADOS DE ASSISTÊNCIA À SAÚDE,10808769.42
1,2025,2025-01-01,395480,EVENTOS/SINISTROS CONHECIDOS OU AVISADOS DE ASSISTÊNCIA À SAÚDE,18125313.64
1,2025,2025-01-01,406937,EVENTOS/SINISTROS CONHECIDOS OU AVISADOS DE ASSISTÊNCIA À SAÚDE,5037302.13
1,2025,2025-01-01,409286,EVENTOS/SINISTROS CONHECIDOS OU AVISADOS DE ASSISTÊNCIA À SAÚDE,95393.57
1,2025,2025-01-01,404241,EVENTOS/SINISTROS CONHECIDOS OU AVISADOS DE ASSISTÊNCIA À SAÚDE,3929070.95
1,2025,2025-01-01,408093,EVENTOS/SINISTROS CONHECIDOS OU AVISADOS DE ASSISTÊNCIA À SAÚDE,919415.33
1,2025,2025-01-01,410110,EVENTOS/SINISTROS CONHECIDOS OU AVISADOS DE ASSISTÊNCIA À SAÚDE,6570542.77
1,2025,2025-01-01,389358,EVENTOS/SINISTROS CONHECIDOS OU AVISADOS DE ASSISTÊNCIA À SAÚDE,2619593.29
1,2025,2025-01-01,407224,EVENTOS/SINISTROS CONHECIDOS OU AVISADOS DE ASSISTÊNCIA À SAÚDE,1130856.25
1,2025,2025-01-01,407569,EVENTOS/SINISTROS CONHECIDOS OU AVISADOS DE ASSISTÊNCIA À SAÚDE,1699489.76
1,2025,2025-01-01,410888,EVENTOS/SINISTROS CONHECIDOS OU AVISADOS DE ASSISTÊNCIA À SAÚDE,6675002.87
1,2025,2025-01-01,386596,EVENTOS/SINISTROS CONHECIDOS OU AVISADOS DE ASSISTÊNCIA À SAÚDE,30194885.32
1,2025,2025-01-01,393533,EVENTOS/SINISTROS CONHECIDOS OU AVISADOS DE ASSISTÊNCIA À SAÚDE,-1866031.89
1,2025,2025-01-01,402001,EVENTOS/SINISTROS CONHECIDOS OU AVISADOS DE ASSISTÊNCIA À SAÚDE,2632239.46
1,2025,2025-01-01,406813,EVENTOS/SINISTROS CONHECIDOS OU AVISADOS DE ASSISTÊNCIA À SAÚDE,1036652.62
1,2025,2025-01-01,408263,EVENTOS/SINISTROS CONHECIDOS OU AVISADOS DE ASSISTÊNCIA À SAÚDE,2252426.79
1,2025,2025-01-01,415065,EVENTOS/SINISTROS CONHECIDOS OU AVISADOS DE ASSISTÊNCIA À SAÚDE,11477004.23
1,2025,2025-01-01,412635,EVENTOS/SINISTROS CONHECIDOS OU AVISADOS DE ASSISTÊNCIA À SAÚDE,5883267.45
1,2025,2025-01-01,414662,EVENTOS/SINISTROS CONHECIDOS OU AVISADOS DE ASSISTÊNCIA À SAÚDE,2727477.43
1,2025,2025-01-01,414905,EVENTOS/SINISTROS CONHECIDOS OU AVISADOS DE ASSISTÊNCIA À SAÚDE,3829061.68
1,2025,2025-01-01,415081,EVENTOS/SINISTROS CONHECIDOS OU AVISADOS DE ASSISTÊNCIA À SAÚDE,596253.58
1,2025,2025-01-01,415693,EVENTOS/SINISTROS CONHECIDOS OU AVISADOS DE ASSISTÊNCIA À SAÚDE,39555884.16
1,2025,2025-01-01,411752,EVENTOS/SINISTROS CONHECIDOS OU AVISADOS DE ASSISTÊNCIA À SAÚDE,56582992.5
1,2025,2025-01-01,412015,EVENTOS/SINISTROS CONHECIDOS OU AVISADOS DE ASSISTÊNCIA À SAÚDE,815579.37
1,2025,2025-01-01,412759,EVENTOS/SINISTROS CONHECIDOS OU AVISADOS DE ASSISTÊNCIA À SAÚDE,6861664.61
1,2025,2025-01-01,413534,EVENTOS/SINISTROS CONHECIDOS OU AVISADOS DE ASSISTÊNCIA À SAÚDE,225588953.12
1,2025,2025-01-01,414212,EVENTOS/SINISTROS CONHECIDOS OU AVISADOS DE ASSISTÊNCIA À SAÚDE,6404090.06
1,2025,2025-01-01,414654,EVENTOS/SINISTROS CONHECIDOS OU AVISADOS DE ASSISTÊNCIA À SAÚDE,1512152.54
1,2025,2025-01-01,411582,EVENTOS/SINISTROS CONHECIDOS OU AVISADOS DE ASSISTÊNCIA À SAÚDE,14036115.28
1,2025,2025-01-01,413330,EVENTOS/SINISTROS CONHECIDOS OU AVISADOS DE ASSISTÊNCIA À SAÚDE,9624154.09
1,2025,2025-01-01,415774,EVENTOS/SINISTROS CONHECIDOS OU AVISADOS DE ASSISTÊNCIA À SAÚDE,39273652.59
1,2025,2025-01-01,414492,EVENTOS/SINISTROS CONHECIDOS OU AVISADOS DE ASSISTÊNCIA À SAÚDE,40668575.63
1,2025,2025-01-01,414930,EVENTOS/SINISTROS CONHECIDOS OU AVISADOS DE ASSISTÊNCIA À SAÚDE,23395679.19
1,2025,2025-01-01,415910,EVENTOS/SINISTROS CONHECIDOS OU AVISADOS DE ASSISTÊNCIA À SAÚDE,620648.15
1,2025,2025-01-01,412058,EVENTOS/SINISTROS CONHECIDOS OU AVISADOS DE ASSISTÊNCIA À SAÚDE,8029505.56
1,2025,2025-01-01,412996,EVENTOS/SINISTROS CONHECIDOS OU AVISADOS DE ASSISTÊNCIA À SAÚDE,2109962.2
1,2025,2025-01-01,413721,EVENTOS/SINISTROS CONHECIDOS OU AVISADOS DE ASSISTÊNCIA À SAÚDE,7352396.4
1,2025,2025-01-01,414310,EVENTOS/SINISTROS CONHECIDOS OU AVISADOS DE ASSISTÊNCIA À SAÚDE,27208366.73
1,2025,2025-01-01,353663,EVENTOS/SINISTROS CONHECIDOS OU AVISADOS DE ASSISTÊNCIA À SAÚDE,97114808.37
1,2025,2025-01-01,353876,EVENTOS/SINISTROS CONHECIDOS OU AVISADOS DE ASSISTÊNCIA À SAÚDE,9647192.57
1,2025,2025-01-01,354066,EVENTOS/SINISTROS CONHECIDOS OU AVISADOS DE ASSISTÊNCIA À SAÚDE,92447047.87
1,2025,2025-01-01,354511,EVENTOS/SINISTROS CONHECIDOS OU AVISADOS DE ASSISTÊNCIA À SAÚDE,37968650.39
1,2025,2025-01-01,351792,EVENTOS/SINISTROS CONHECIDOS OU AVISADOS DE ASSISTÊNCIA À SAÚDE,3389653.45
1,2025,2025-01-01,352543,EVENTOS/SINISTROS CONHECIDOS OU AVISADOS DE ASSISTÊNCIA À SAÚDE,34324612.58
1,2025,2025-01-01,352314,EVENTOS/SINISTROS CONHECIDOS OU AVISADOS DE ASSISTÊNCIA À SAÚDE,19890176.52
1,2025,2025-01-01,354562,EVENTOS/SINISTROS CONHECIDOS OU AVISADOS DE ASSISTÊNCIA À SAÚDE,41318417.16
1,2025,2025-01-01,350346,EVENTOS/SINISTROS CONHECIDOS OU AVISADOS DE ASSISTÊNCIA À SAÚDE,5481426.31
1,2025,2025-01-01,354295,EVENTOS/SINISTROS CONHECIDOS OU AVISADOS DE ASSISTÊNCIA À SAÚDE,53394968.53
1,2025,2025-01-01,350770,EVENTOS/SINISTROS CONHECIDOS OU AVISADOS DE ASSISTÊNCIA À SAÚDE,1068998.17
1,2025,2025-01-01,350648,EVENTOS/SINISTROS CONHECIDOS OU AVISADOS DE ASSISTÊNCIA À SAÚDE,8120012.23
1,2025,2025-01-01,351776,EVENTOS/SINISTROS CONHECIDOS OU AVISADOS DE ASSISTÊNCIA À SAÚDE,7137096.01
1,2025,2025-01-01,351407,EVENTOS/SINISTROS CONHECIDOS OU AVISADOS DE ASSISTÊNCIA À SAÚDE,31084711.58
1,2025,2025-01-01,353027,EVENTOS/SINISTROS CONHECIDOS OU AVISADOS DE ASSISTÊNCIA À SAÚDE,16837739.31
1,2025,2025-01-01,353264,EVENTOS/SINISTROS CONHECIDOS OU AVISADOS DE ASSISTÊNCIA À SAÚDE,5750944.22
1,2025,2025-01-01,352331,EVENTOS/SINISTROS CONHECIDOS OU AVISADOS DE ASSISTÊNCIA À SAÚDE,268886477.6
1,2025,2025-01-01,352586,EVENTOS/SINISTROS CONHECIDOS OU AVISADOS DE ASSISTÊNCIA À SAÚDE,16469091.1
1,2025,2025-01-01,331104,EVENTOS/SINISTROS CONHECIDOS OU AVISADOS DE ASSISTÊNCIA À SAÚDE,675459.74
1,2025,2025-01-01,331341,EVENTOS/SINISTROS CONHECIDOS OU AVISADOS DE ASSISTÊNCIA À SAÚDE,53486553.51
1,2025,2025-01-01,330108,EVENTOS/SINISTROS CONHECIDOS OU AVISADOS DE ASSISTÊNCIA À SAÚDE,26967515.71
1,2025,2025-01-01,324361,EVENTOS/SINISTROS CONHECIDOS OU AVISADOS DE ASSISTÊNCIA À SAÚDE,58231195.58
1,2025,2025-01-01,324566,EVENTOS/SINISTROS CONHECIDOS OU AVISADOS DE ASSISTÊNCIA À SAÚDE,18738114.54
1,2025,2025-01-01,325571,EVENTOS/SINISTROS CONHECIDOS OU AVISADOS DE ASSISTÊNCIA À SAÚDE,241732501.5
1,2025,2025-01-01,326861,EVENTOS/SINISTROS CONHECIDOS OU AVISADOS DE ASSISTÊNCIA À SAÚDE,73481345.18
1,2025,2025-01-01,328375,EVENTOS/SINISTROS CONHECIDOS OU AVISADOS DE ASSISTÊNCIA À SAÚDE,6373887.29
1,2025,2025-01-01,329355,EVENTOS/SINISTROS CONHECIDOS OU AVISADOS DE ASSISTÊNCIA À SAÚDE,10913212.85
1,2025,2025-01-01,327638,EVENTOS/SINISTROS CONHECIDOS OU AVISADOS DE ASSISTÊNCIA À SAÚDE,4401393.87
1,2025,2025-01-01,328294,EVENTOS/SINISTROS CONHECIDOS OU AVISADOS DE ASSISTÊNCIA À SAÚDE,23485464.15
1,2025,2025-01-01,331317,EVENTOS/SINISTROS CONHECIDOS OU AVISADOS DE ASSISTÊNCIA À SAÚDE,73037000.22
1,2025,2025-01-01,327328,EVENTOS/SINISTROS CONHECIDOS OU AVISADOS DE ASSISTÊNCIA À SAÚDE,289740.0
1,2025,2025-01-01,330566,EVENTOS/SINISTROS CONHECIDOS OU AVISADOS DE ASSISTÊNCIA À SAÚDE,27357264.78
1,2025,2025-01-01,324477,EVENTOS/SINISTROS CONHECIDOS OU AVISADOS DE ASSISTÊNCIA À SAÚDE,78750790.23
1,2025,2025-01-01,326500,EVENTOS/SINISTROS CONHECIDOS OU AVISADOS DE ASSISTÊNCIA À SAÚDE,95644457.17
1,2025,2025-01-01,327417,EVENTOS/SINISTROS CONHECIDOS OU AVISADOS DE ASSISTÊNCIA À SAÚDE,60382479.72
1,2025,2025-01-01,330116,EVENTOS/SINISTROS CONHECIDOS OU AVISADOS DE ASSISTÊNCIA À SAÚDE,11005816.93
1,2025,2025-01-01,328537,EVENTOS/SINISTROS CONHECIDOS OU AVISADOS DE ASSISTÊNCIA À SAÚDE,37979260.39
1,2025,2025-01-01,353698,EVENTOS/SINISTROS CONHECIDOS OU AVISADOS DE ASSISTÊNCIA À SAÚDE,3897241.2
1,2025,2025-01-01,354031,EVENTOS/SINISTROS CONHECIDOS OU AVISADOS DE ASSISTÊNCIA À SAÚDE,124549059.74
1,2025,2025-01-01,352179,EVENTOS/SINISTROS CONHECIDOS OU AVISADOS DE ASSISTÊNCIA À SAÚDE,19815417.88
1,2025,2025-01-01,352519,EVENTOS/SINISTROS CONHECIDOS OU AVISADOS DE ASSISTÊNCIA À SAÚDE,3892948.14
1,2025,2025-01-01,354279,EVENTOS/SINISTROS CONHECIDOS OU AVISADOS DE ASSISTÊNCIA À SAÚDE,20232783.11
1,2025,2025-01-01,350371,EVENTOS/SINISTROS CONHECIDOS OU AVISADOS DE ASSISTÊNCIA À SAÚDE,58807758.13
1,2025,2025-01-01,351202,EVENTOS/SINISTROS CONHECIDOS OU AVISADOS DE ASSISTÊNCIA À SAÚDE,190319762.24
1,2025,2025-01-01,353353,EVENTOS/SINISTROS CONHECIDOS OU AVISADOS DE ASSISTÊNCIA À SAÚDE,129196849.27
1,2025,2025-01-01,354325,EVENTOS/SINISTROS CONHECIDOS OU AVISADOS DE ASSISTÊNCIA À SAÚDE,19710839.19
1,2025,2025-01-01,350249,EVENTOS/SINISTROS CONHECIDOS OU AVISADOS DE ASSISTÊNCIA À SAÚDE,73587049.6
1,2025,2025-01-01,352683,EVENTOS/SINISTROS CONHECIDOS OU AVISADOS DE ASSISTÊNCIA À SAÚDE,59040122.75
1,2025,2025-01-01,350494,EVENTOS/SINISTROS CONHECIDOS OU AVISADOS DE ASSISTÊNCIA À SAÚDE,19832772.74
1,2025,2025-01-01,351270,EVENTOS/SINISTROS CONHECIDOS OU AVISADOS DE ASSISTÊNCIA À SAÚDE,7914271.09
1,2025,2025-01-01,353060,EVENTOS/SINISTROS CONHECIDOS OU AVISADOS DE ASSISTÊNCIA À SAÚDE,58118609.78
1,2025,2025-01-01,350699,EVENTOS/SINISTROS CONHECIDOS OU AVISADOS DE ASSISTÊNCIA À SAÚDE,25869335.46
1,2025,2025-01-01,352501,EVENTOS/SINISTROS CONHECIDOS OU AVISADOS DE ASSISTÊNCIA À SAÚDE,857804220.65
1,2025,2025-01-01,304131,EVENTOS/SINISTROS CONHECIDOS OU AVISADOS DE ASSISTÊNCIA À SAÚDE,27559803.93
1,2025,2025-01-01,304395,EVENTOS/SINISTROS CONHECIDOS OU AVISADOS DE ASSISTÊNCIA À SAÚDE,27898224.9
1,2025,2025-01-01,304484,EVENTOS/SINISTROS CONHECIDOS OU AVISADOS DE ASSISTÊNCIA À SAÚDE,14226793.11
1,2025,2025-01-01,305421,EVENTOS/SINISTROS CONHECIDOS OU AVISADOS DE ASSISTÊNCIA À SAÚDE,834787.73
1,2025,2025-01-01,006246,EVENTOS/SINISTROS CONHECIDOS OU AVISADOS DE ASSISTÊNCIA À SAÚDE,5389092095.93
1,2025,2025-01-01,301574,EVENTOS/SINISTROS CONHECIDOS OU AVISADOS DE ASSISTÊNCIA À SAÚDE,52597105.91
1,2025,2025-01-01,302147,EVENTOS/SINISTROS CONHECIDOS OU AVISADOS DE ASSISTÊNCIA À SAÚDE,1416115825.95
1,2025,2025-01-01,301060,EVENTOS/SINISTROS CONHECIDOS OU AVISADOS DE ASSISTÊNCIA À SAÚDE,14434011.07
1,2025,2025-01-01,302953,EVENTOS/SINISTROS CONHECIDOS OU AVISADOS DE ASSISTÊNCIA À SAÚDE,97260472.04
1,2025,2025-01-01,301744,EVENTOS/SINISTROS CONHECIDOS OU AVISADOS DE ASSISTÊNCIA À SAÚDE,17465514.07
1,2025,2025-01-01,303739,EVENTOS/SINISTROS CONHECIDOS OU AVISADOS DE ASSISTÊNCIA À SAÚDE,49578200.16
1,2025,2025-01-01,300713,EVENTOS/SINISTROS CONHECIDOS OU AVISADOS DE ASSISTÊNCIA À SAÚDE,28775128.99
1,2025,2025-01-01,304212,EVENTOS/SINISTROS CONHECIDOS OU AVISADOS DE ASSISTÊNCIA À SAÚDE,2138398.37
1,2025,2025-01-01,304883,EVENTOS/SINISTROS CONHECIDOS OU AVISADOS DE ASSISTÊNCIA À SAÚDE,58842038.8
1,2025,2025-01-01,304441,EVENTOS/SINISTROS CONHECIDOS OU AVISADOS DE ASSISTÊNCIA À SAÚDE,4088501.35
1,2025,2025-01-01,304531,EVENTOS/SINISTROS CONHECIDOS OU AVISADOS DE ASSISTÊNCIA À SAÚDE,2401089.88
1,2025,2025-01-01,302228,EVENTOS/SINISTROS CONHECIDOS OU AVISADOS DE ASSISTÊNCIA À SAÚDE,6221285.25
1,2025,2025-01-01,303356,EVENTOS/SINISTROS CONHECIDOS OU AVISADOS DE ASSISTÊNCIA À SAÚDE,122996464.38
1,2025,2025-01-01,304051,EVENTOS/SINISTROS CONHECIDOS OU AVISADOS DE ASSISTÊNCIA À SAÚDE,34531969.9
1,2025,2025-01-01,301124,EVENTOS/SINISTROS CONHECIDOS OU AVISADOS DE ASSISTÊNCIA À SAÚDE,8766036.19
1,2025,2025-01-01,311391,EVENTOS/SINISTROS CONHECIDOS OU AVISADOS DE ASSISTÊNCIA À SAÚDE,2762546.91
1,2025,2025-01-01,311715,EVENTOS/SINISTROS CONHECIDOS OU AVISADOS DE ASSISTÊNCIA À SAÚDE,34597657.72
1,2025,2025-01-01,311944,EVENTOS/SINISTROS CONHECIDOS OU AVISADOS DE ASSISTÊNCIA À SAÚDE,7722401.21
1,2025,2025-01-01,305626,EVENTOS/SINISTROS CONHECIDOS OU AVISADOS DE ASSISTÊNCIA À SAÚDE,6492971.85
1,2025,2025-01-01,309524,EVENTOS/SINISTROS CONHECIDOS OU AVISADOS DE ASSISTÊNCIA À SAÚDE,7259600.98
1,2025,2025-01-01,311057,EVENTOS/SINISTROS CONHECIDOS OU AVISADOS DE ASSISTÊNCIA À SAÚDE,64547.93
1,2025,2025-01-01,312282,EVENTOS/SINISTROS CONHECIDOS OU AVISADOS DE ASSISTÊNCIA À SAÚDE,9795810.65
1,2025,2025-01-01,307751,EVENTOS/SINISTROS CONHECIDOS OU AVISADOS DE ASSISTÊNCIA À SAÚDE,26717501.29
1,2025,2025-01-01,311359,EVENTOS/SINISTROS CONHECIDOS OU AVISADOS DE ASSISTÊNCIA À SAÚDE,20908357.76
1,2025,2025-01-01,309087,EVENTOS/SINISTROS CONHECIDOS OU AVISADOS DE ASSISTÊNCIA À SAÚDE,17417578.35
1,2025,2025-01-01,305928,EVENTOS/SINISTROS CONHECIDOS OU AVISADOS DE ASSISTÊNCIA À SAÚDE,1617246.58
1,2025,2025-01-01,306126,EVENTOS/SINISTROS CONHECIDOS OU AVISADOS DE ASSISTÊNCIA À SAÚDE,44090097.32
1,2025,2025-01-01,310247,EVENTOS/SINISTROS CONHECIDOS OU AVISADOS DE ASSISTÊNCIA À SAÚDE,66279599.06
1,2025,2025-01-01,312592,EVENTOS/SINISTROS CONHECIDOS OU AVISADOS DE ASSISTÊNCIA À SAÚDE,25415228.52
1,2025,2025-01-01,311618,EVENTOS/SINISTROS CONHECIDOS OU AVISADOS DE ASSISTÊNCIA À SAÚDE,26363473.08
1,2025,2025-01-01,311961,EVENTOS/SINISTROS CONHECIDOS OU AVISADOS DE ASSISTÊNCIA À SAÚDE,29741820.67
1,2025,2025-01-01,311146,EVENTOS/SINISTROS CONHECIDOS OU AVISADOS DE ASSISTÊNCIA À SAÚDE,16579053.59
1,2025,2025-01-01,340782,EVENTOS/SINISTROS CONHECIDOS OU AVISADOS DE ASSISTÊNCIA À SAÚDE,164452269.46
1,2025,2025-01-01,342157,EVENTOS/SINISTROS CONHECIDOS OU AVISADOS DE ASSISTÊNCIA À SAÚDE,2488072.08
1,2025,2025-01-01,342955,EVENTOS/SINISTROS CONHECIDOS OU AVISADOS DE ASSISTÊNCIA À SAÚDE,915572.55
1,2025,2025-01-01,341941,EVENTOS/SINISTROS CONHECIDOS OU AVISADOS DE ASSISTÊNCIA À SAÚDE,4078929.49
1,2025,2025-01-01,342084,EVENTOS/SINISTROS CONHECIDOS OU AVISADOS DE ASSISTÊNCIA À SAÚDE,320223421.67
1,2025,2025-01-01,342807,EVENTOS/SINISTROS CONHECIDOS OU AVISADOS DE ASSISTÊNCIA À SAÚDE,38663851.63
1,2025,2025-01-01,343129,EVENTOS/SINISTROS CONHECIDOS OU AVISADOS DE ASSISTÊNCIA À SAÚDE,6765142.23
1,2025,2025-01-01,343331,EVENTOS/SINISTROS CONHECIDOS OU AVISADOS DE ASSISTÊNCIA À SAÚDE,19181682.75
1,2025,2025-01-01,343684,EVENTOS/SINISTROS CONHECIDOS OU AVISADOS DE ASSISTÊNCIA À SAÚDE,13191805.87
1,2025,2025-01-01,343889,EVENTOS/SINISTROS CONHECIDOS OU AVISADOS DE ASSISTÊNCIA À SAÚDE,1328135937.82
1,2025,2025-01-01,340162,EVENTOS/SINISTROS CONHECIDOS OU AVISADOS DE ASSISTÊNCIA À SAÚDE,1335718.92
1,2025,2025-01-01,342386,EVENTOS/SINISTROS CONHECIDOS OU AVISADOS DE ASSISTÊNCIA À SAÚDE,8313422.65
1,2025,2025-01-01,343731,EVENTOS/SINISTROS CONHECIDOS OU AVISADOS DE ASSISTÊNCIA À SAÚDE,234228552.77
1,2025,2025-01-01,337668,EVENTOS/SINISTROS CONHECIDOS OU AVISADOS DE ASSISTÊNCIA À SAÚDE,139642274.64
1,2025,2025-01-01,338346,EVENTOS/SINISTROS CONHECIDOS OU AVISADOS DE ASSISTÊNCIA À SAÚDE,18540331.57
1,2025,2025-01-01,339679,EVENTOS/SINISTROS CONHECIDOS OU AVISADOS DE ASSISTÊNCIA À SAÚDE,1589400279.66
1,2025,2025-01-01,342203,EVENTOS/SINISTROS CONHECIDOS OU AVISADOS DE ASSISTÊNCIA À SAÚDE,4310304.69
1,2025,2025-01-01,343153,EVENTOS/SINISTROS CONHECIDOS OU AVISADOS DE ASSISTÊNCIA À SAÚDE,3377742.5
1,2025,2025-01-01,345709,EVENTOS/SINISTROS CONHECIDOS OU AVISADOS DE ASSISTÊNCIA À SAÚDE,29899974.55
1,2025,2025-01-01,346004,EVENTOS/SINISTROS CONHECIDOS OU AVISADOS DE ASSISTÊNCIA À SAÚDE,4216882.89
1,2025,2025-01-01,347795,EVENTOS/SINISTROS CONHECIDOS OU AVISADOS DE ASSISTÊNCIA À SAÚDE,1375441.13
1,2025,2025-01-01,348180,EVENTOS/SINISTROS CONHECIDOS OU AVISADOS DE ASSISTÊNCIA À SAÚDE,95325513.95
1,2025,2025-01-01,344397,EVENTOS/SINISTROS CONHECIDOS OU AVISADOS DE ASSISTÊNCIA À SAÚDE,89660716.84
1,2025,2025-01-01,344800,EVENTOS/SINISTROS CONHECIDOS OU AVISADOS DE ASSISTÊNCIA À SAÚDE,77357233.08
1,2025,2025-01-01,345458,EVENTOS/SINISTROS CONHECIDOS OU AVISADOS DE ASSISTÊNCIA À SAÚDE,15925517.85
1,2025,2025-01-01,346951,EVENTOS/SINISTROS CONHECIDOS OU AVISADOS DE ASSISTÊNCIA À SAÚDE,15649602.68
1,2025,2025-01-01,347604,EVENTOS/SINISTROS CONHECIDOS OU AVISADOS DE ASSISTÊNCIA À SAÚDE,2004557.65
1,2025,2025-01-01,344788,EVENTOS/SINISTROS CONHECIDOS OU AVISADOS DE ASSISTÊNCIA À SAÚDE,2695673.94
1,2025,2025-01-01,344915,EVENTOS/SINISTROS CONHECIDOS OU AVISADOS DE ASSISTÊNCIA À SAÚDE,1001590.52
1,2025,2025-01-01,346659,EVENTOS/SINISTROS CONHECIDOS OU AVISADOS DE ASSISTÊNCIA À SAÚDE,1823460452.8
1,2025,2025-01-01,349682,EVENTOS/SINISTROS CONHECIDOS OU AVISADOS DE ASSISTÊNCIA À SAÚDE,71783553.45
1,2025,2025-01-01,350141,EVENTOS/SINISTROS CONHECIDOS OU AVISADOS DE ASSISTÊNCIA À SAÚDE,60120286.98
1,2025,2025-01-01,347825,EVENTOS/SINISTROS CONHECIDOS OU AVISADOS DE ASSISTÊNCIA À SAÚDE,2708036.34
1,2025,2025-01-01,345741,EVENTOS/SINISTROS CONHECIDOS OU AVISADOS DE ASSISTÊNCIA À SAÚDE,1378926.75
1,2025,2025-01-01,346209,EVENTOS/SINISTROS CONHECIDOS OU AVISADOS DE ASSISTÊNCIA À SAÚDE,29617812.02
1,2025,2025-01-01,348295,EVENTOS/SINISTROS CONHECIDOS OU AVISADOS DE ASSISTÊNCIA À SAÚDE,262611603.39
1,2025,2025-01-01,348830,EVENTOS/SINISTROS CONHECIDOS OU AVISADOS DE ASSISTÊNCIA À SAÚDE,53962399.13
1,2025,2025-01-01,347108,EVENTOS/SINISTROS CONHECIDOS OU AVISADOS DE ASSISTÊNCIA À SAÚDE,11441666.89
1,2025,2025-01-01,347655,EVENTOS/SINISTROS CONHECIDOS OU AVISADOS DE ASSISTÊNCIA À SAÚDE,26543324.4
1,2025,2025-01-01,344451,EVENTOS/SINISTROS CONHECIDOS OU AVISADOS DE ASSISTÊNCIA À SAÚDE,4750201.56
1,2025,2025-01-01,345091,EVENTOS/SINISTROS CONHECIDOS OU AVISADOS DE ASSISTÊNCIA À SAÚDE,14754930.57
1,2025,2025-01-01,346870,EVENTOS/SINISTROS CONHECIDOS OU AVISADOS DE ASSISTÊNCIA À SAÚDE,2233707.87
1,2025,2025-01-01,348244,EVENTOS/SINISTROS CONHECIDOS OU AVISADOS DE ASSISTÊNCIA À SAÚDE,21333239.51
1,2025,2025-01-01,345598,EVENTOS/SINISTROS CONHECIDOS OU AVISADOS DE ASSISTÊNCIA À SAÚDE,54378036.42
1,2025,2025-01-01,348082,EVENTOS/SINISTROS CONHECIDOS OU AVISADOS DE ASSISTÊNCIA À SAÚDE,67578995.06
1,2025,2025-01-01,344362,EVENTOS/SINISTROS CONHECIDOS OU AVISADOS DE ASSISTÊNCIA À SAÚDE,48779794.57
1,2025,2025-01-01,345318,EVENTOS/SINISTROS CONHECIDOS OU AVISADOS DE ASSISTÊNCIA À SAÚDE,4422076.04
1,2025,2025-01-01,345776,EVENTOS/SINISTROS CONHECIDOS OU AVISADOS DE ASSISTÊNCIA À SAÚDE,14441683.92
1,2025,2025-01-01,346926,EVENTOS/SINISTROS CONHECIDOS OU AVISADOS DE ASSISTÊNCIA À SAÚDE,372316564.18
1,2025,2025-01-01,347736,EVENTOS/SINISTROS CONHECIDOS OU AVISADOS DE ASSISTÊNCIA À SAÚDE,9082087.04
1,2025,2025-01-01,349712,EVENTOS/SINISTROS CONHECIDOS OU AVISADOS DE ASSISTÊNCIA À SAÚDE,78591312.73
1,2025,2025-01-01,344729,EVENTOS/SINISTROS CONHECIDOS OU AVISADOS DE ASSISTÊNCIA À SAÚDE,35678946.34
1,2025,2025-01-01,346276,EVENTOS/SINISTROS CONHECIDOS OU AVISADOS DE ASSISTÊNCIA À SAÚDE,69415812.31
1,2025,2025-01-01,347507,EVENTOS/SINISTROS CONHECIDOS OU AVISADOS DE ASSISTÊNCIA À SAÚDE,48368929.49
1,2025,2025-01-01,349534,EVENTOS/SINISTROS CONHECIDOS OU AVISADOS DE ASSISTÊNCIA À SAÚDE,27179885.09
1,2025,2025-01-01,344885,EVENTOS/SINISTROS CONHECIDOS OU AVISADOS DE ASSISTÊNCIA À SAÚDE,349875851.9
1,2025,2025-01-01,348261,EVENTOS/SINISTROS CONHECIDOS OU AVISADOS DE ASSISTÊNCIA À SAÚDE,10844399.55
1,2025,2025-01-01,348520,EVENTOS/SINISTROS CONHECIDOS OU AVISADOS DE ASSISTÊNCIA À SAÚDE,216137432.48
1,2025,2025-01-01,423718,EVENTOS/SINISTROS CONHECIDOS OU AVISADOS DE ASSISTÊNCIA À SAÚDE,4252294.26
1,2025,2025-01-01,423564,EVENTOS/SINISTROS CONHECIDOS OU AVISADOS DE ASSISTÊNCIA À SAÚDE,151172.77
1,2025,2025-01-01,423815,EVENTOS/SINISTROS CONHECIDOS OU AVISADOS DE ASSISTÊNCIA À SAÚDE,1982.37
1,2025,2025-01-01,424129,EVENTOS/SINISTROS CONHECIDOS OU AVISADOS DE ASSISTÊNCIA À SAÚDE,0.0
1,2025,2025-01-01,424170,EVENTOS/SINISTROS CONHECIDOS OU AVISADOS DE ASSISTÊNCIA À SAÚDE,218489.71
1,2025,2025-01-01,423629,EVENTOS/SINISTROS CONHECIDOS OU AVISADOS DE ASSISTÊNCIA À SAÚDE,2850270.2
1,2025,2025-01-01,424048,EVENTOS/SINISTROS CONHECIDOS OU AVISADOS DE ASSISTÊNCIA À SAÚDE,558411.02
1,2025,2025-01-01,424145,EVENTOS/SINISTROS CONHECIDOS OU AVISADOS DE ASSISTÊNCIA À SAÚDE,0.0
1,2025,2025-01-01,423858,EVENTOS/SINISTROS CONHECIDOS OU AVISADOS DE ASSISTÊNCIA À SAÚDE,0.0
1,2025,2025-01-01,423432,EVENTOS/SINISTROS CONHECIDOS OU AVISADOS DE ASSISTÊNCIA À SAÚDE,813879.99
1,2025,2025-01-01,423645,EVENTOS/SINISTROS CONHECIDOS OU AVISADOS DE ASSISTÊNCIA À SAÚDE,252458.74
1,2025,2025-01-01,424161,EVENTOS/SINISTROS CONHECIDOS OU AVISADOS DE ASSISTÊNCIA À SAÚDE,0.0
1,2025,2025-01-01,423661,EVENTOS/SINISTROS CONHECIDOS OU AVISADOS DE ASSISTÊNCIA À SAÚDE,20231729.27
1,2025,2025-01-01,423912,EVENTOS/SINISTROS CONHECIDOS OU AVISADOS DE ASSISTÊNCIA À SAÚDE,125920.19
1,2025,2025-01-01,423742,EVENTOS/SINISTROS CONHECIDOS OU AVISADOS DE ASSISTÊNCIA À SAÚDE,0.0
1,2025,2025-01-01,423548,EVENTOS/SINISTROS CONHECIDOS OU AVISADOS DE ASSISTÊNCIA À SAÚDE,2464172.35
1,2025,2025-01-01,300730,EVENTOS/SINISTROS CONHECIDOS OU AVISADOS DE ASSISTÊNCIA À SAÚDE,894847.39
1,2025,2025-01-01,303178,EVENTOS/SINISTROS CONHECIDOS OU AVISADOS DE ASSISTÊNCIA À SAÚDE,16397571.64
1,2025,2025-01-01,303844,EVENTOS/SINISTROS CONHECIDOS OU AVISADOS DE ASSISTÊNCIA À SAÚDE,9939041.49
1,2025,2025-01-01,304344,EVENTOS/SINISTROS CONHECIDOS OU AVISADOS DE ASSISTÊNCIA À SAÚDE,21118326.73
1,2025,2025-01-01,300136,EVENTOS/SINISTROS CONHECIDOS OU AVISADOS DE ASSISTÊNCIA À SAÚDE,29300807.1
1,2025,2025-01-01,301949,EVENTOS/SINISTROS CONHECIDOS OU AVISADOS DE ASSISTÊNCIA À SAÚDE,170279874.46
1,2025,2025-01-01,304468,EVENTOS/SINISTROS CONHECIDOS OU AVISADOS DE ASSISTÊNCIA À SAÚDE,29056578.47
1,2025,2025-01-01,305227,EVENTOS/SINISTROS CONHECIDOS OU AVISADOS DE ASSISTÊNCIA À SAÚDE,22518879.22
1,2025,2025-01-01,302627,EVENTOS/SINISTROS CONHECIDOS OU AVISADOS DE ASSISTÊNCIA À SAÚDE,9166449.72
1,2025,2025-01-01,304701,EVENTOS/SINISTROS CONHECIDOS OU AVISADOS DE ASSISTÊNCIA À SAÚDE,745295918.11
1,2025,2025-01-01,301728,EVENTOS/SINISTROS CONHECIDOS OU AVISADOS DE ASSISTÊNCIA À SAÚDE,13491672.45
1,2025,2025-01-01,304123,EVENTOS/SINISTROS CONHECIDOS OU AVISADOS DE ASSISTÊNCIA À SAÚDE,12037275.83
1,2025,2025-01-01,303623,EVENTOS/SINISTROS CONHECIDOS OU AVISADOS DE ASSISTÊNCIA À SAÚDE,191768976.44
1,2025,2025-01-01,303267,EVENTOS/SINISTROS CONHECIDOS OU AVISADOS DE ASSISTÊNCIA À SAÚDE,103196457.41
1,2025,2025-01-01,303976,EVENTOS/SINISTROS CONHECIDOS OU AVISADOS DE ASSISTÊNCIA À SAÚDE,372199646.7
1,2025,2025-01-01,306754,EVENTOS/SINISTROS CONHECIDOS OU AVISADOS DE ASSISTÊNCIA À SAÚDE,9584541.37
1,2025,2025-01-01,306886,EVENTOS/SINISTROS CONHECIDOS OU AVISADOS DE ASSISTÊNCIA À SAÚDE,128706930.45
1,2025,2025-01-01,309907,EVENTOS/SINISTROS CONHECIDOS OU AVISADOS DE ASSISTÊNCIA À SAÚDE,34053305.74
1,2025,2025-01-01,311847,EVENTOS/SINISTROS CONHECIDOS OU AVISADOS DE ASSISTÊNCIA À SAÚDE,84800605.03
1,2025,2025-01-01,312347,EVENTOS/SINISTROS CONHECIDOS OU AVISADOS DE ASSISTÊNCIA À SAÚDE,35456124.57
1,2025,2025-01-01,305472,EVENTOS/SINISTROS CONHECIDOS OU AVISADOS DE ASSISTÊNCIA À SAÚDE,23152691.24
1,2025,2025-01-01,306045,EVENTOS/SINISTROS CONHECIDOS OU AVISADOS DE ASSISTÊNCIA À SAÚDE,2388038.0
1,2025,2025-01-01,310239,EVENTOS/SINISTROS CONHECIDOS OU AVISADOS DE ASSISTÊNCIA À SAÚDE,5862377.32
1,2025,2025-01-01,310522,EVENTOS/SINISTROS CONHECIDOS OU AVISADOS DE ASSISTÊNCIA À SAÚDE,46365014.74
1,2025,2025-01-01,311375,EVENTOS/SINISTROS CONHECIDOS OU AVISADOS DE ASSISTÊNCIA À SAÚDE,50090276.65
1,2025,2025-01-01,308811,EVENTOS/SINISTROS CONHECIDOS OU AVISADOS DE ASSISTÊNCIA À SAÚDE,8583109.47
1,2025,2025-01-01,309222,EVENTOS/SINISTROS CONHECIDOS OU AVISADOS DE ASSISTÊNCIA À SAÚDE,504183293.24
1,2025,2025-01-01,312126,EVENTOS/SINISTROS CONHECIDOS OU AVISADOS DE ASSISTÊNCIA À SAÚDE,519042138.0
1,2025,2025-01-01,310981,EVENTOS/SINISTROS CONHECIDOS OU AVISADOS DE ASSISTÊNCIA À SAÚDE,3133913.49
1,2025,2025-01-01,306100,EVENTOS/SINISTROS CONHECIDOS OU AVISADOS DE ASSISTÊNCIA À SAÚDE,37332396.81
1,2025,2025-01-01,306762,EVENTOS/SINISTROS CONHECIDOS OU AVISADOS DE ASSISTÊNCIA À SAÚDE,41483283.4
1,2025,2025-01-01,311294,EVENTOS/SINISTROS CONHECIDOS OU AVISADOS DE ASSISTÊNCIA À SAÚDE,40766482.85
1,2025,2025-01-01,312363,EVENTOS/SINISTROS CONHECIDOS OU AVISADOS DE ASSISTÊNCIA À SAÚDE,1086061466.37
1,2025,2025-01-01,306398,EVENTOS/SINISTROS CONHECIDOS OU AVISADOS DE ASSISTÊNCIA À SAÚDE,136199380.5
1,2025,2025-01-01,307319,EVENTOS/SINISTROS CONHECIDOS OU AVISADOS DE ASSISTÊNCIA À SAÚDE,60558884.3
1,2025,2025-01-01,309028,EVENTOS/SINISTROS CONHECIDOS OU AVISADOS DE ASSISTÊNCIA À SAÚDE,2709792.33
1,2025,2025-01-01,422053,EVENTOS/SINISTROS CONHECIDOS OU AVISADOS DE ASSISTÊNCIA À SAÚDE,0.0
1,2025,2025-01-01,422681,EVENTOS/SINISTROS CONHECIDOS OU AVISADOS DE ASSISTÊNCIA À SAÚDE,20744391.62
1,2025,2025-01-01,423319,EVENTOS/SINISTROS CONHECIDOS OU AVISADOS DE ASSISTÊNCIA À SAÚDE,13020670.84
1,2025,2025-01-01,421766,EVENTOS/SINISTROS CONHECIDOS OU AVISADOS DE ASSISTÊNCIA À SAÚDE,15698691.94
1,2025,2025-01-01,422355,EVENTOS/SINISTROS CONHECIDOS OU AVISADOS DE ASSISTÊNCIA À SAÚDE,320980.96
1,2025,2025-01-01,423408,EVENTOS/SINISTROS CONHECIDOS OU AVISADOS DE ASSISTÊNCIA À SAÚDE,376454.29
1,2025,2025-01-01,422151,EVENTOS/SINISTROS CONHECIDOS OU AVISADOS DE ASSISTÊNCIA À SAÚDE,3998892.51
1,2025,2025-01-01,422746,EVENTOS/SINISTROS CONHECIDOS OU AVISADOS DE ASSISTÊNCIA À SAÚDE,440204.69
1,2025,2025-01-01,422835,EVENTOS/SINISTROS CONHECIDOS OU AVISADOS DE ASSISTÊNCIA À SAÚDE,2846219.96
1,2025,2025-01-01,421871,EVENTOS/SINISTROS CONHECIDOS OU AVISADOS DE ASSISTÊNCIA À SAÚDE,2235123.39
1,2025,2025-01-01,422070,EVENTOS/SINISTROS CONHECIDOS OU AVISADOS DE ASSISTÊNCIA À SAÚDE,13310411.12
1,2025,2025-01-01,423173,EVENTOS/SINISTROS CONHECIDOS OU AVISADOS DE ASSISTÊNCIA À SAÚDE,70714556.25
1,2025,2025-01-01,422304,EVENTOS/SINISTROS CONHECIDOS OU AVISADOS DE ASSISTÊNCIA À SAÚDE,1536634.02
1,2025,2025-01-01,422754,EVENTOS/SINISTROS CONHECIDOS OU AVISADOS DE ASSISTÊNCIA À SAÚDE,335240.73
1,2025,2025-01-01,423335,EVENTOS/SINISTROS CONHECIDOS OU AVISADOS DE ASSISTÊNCIA À SAÚDE,9364669.72
1,2025,2025-01-01,422401,EVENTOS/SINISTROS CONHECIDOS OU AVISADOS DE ASSISTÊNCIA À SAÚDE,0.0
1,2025,2025-01-01,422584,EVENTOS/SINISTROS CONHECIDOS OU AVISADOS DE ASSISTÊNCIA À SAÚDE,4463919.75
1,2025,2025-01-01,421723,EVENTOS/SINISTROS CONHECIDOS OU AVISADOS DE ASSISTÊNCIA À SAÚDE,490266.37
1,2025,2025-01-01,420051,EVENTOS/SINISTROS CONHECIDOS OU AVISADOS DE ASSISTÊNCIA À SAÚDE,268902.47
1,2025,2025-01-01,420093,EVENTOS/SINISTROS CONHECIDOS OU AVISADOS DE ASSISTÊNCIA À SAÚDE,1029694.81
1,2025,2025-01-01,420166,EVENTOS/SINISTROS CONHECIDOS OU AVISADOS DE ASSISTÊNCIA À SAÚDE,43978918.17
1,2025,2025-01-01,421341,EVENTOS/SINISTROS CONHECIDOS OU AVISADOS DE ASSISTÊNCIA À SAÚDE,21934092.27
1,2025,2025-01-01,421715,EVENTOS/SINISTROS CONHECIDOS OU AVISADOS DE ASSISTÊNCIA À SAÚDE,0.0
1,2025,2025-01-01,420000,EVENTOS/SINISTROS CONHECIDOS OU AVISADOS DE ASSISTÊNCIA À SAÚDE,16082950.22
1,2025,2025-01-01,420701,EVENTOS/SINISTROS CONHECIDOS OU AVISADOS DE ASSISTÊNCIA À SAÚDE,7246007.27
1,2025,2025-01-01,420930,EVENTOS/SINISTROS CONHECIDOS OU AVISADOS DE ASSISTÊNCIA À SAÚDE,637492.58
1,2025,2025-01-01,421561,EVENTOS/SINISTROS CONHECIDOS OU AVISADOS DE ASSISTÊNCIA À SAÚDE,228946.14
1,2025,2025-01-01,421154,EVENTOS/SINISTROS CONHECIDOS OU AVISADOS DE ASSISTÊNCIA À SAÚDE,10820113.58
1,2025,2025-01-01,419958,EVENTOS/SINISTROS CONHECIDOS OU AVISADOS DE ASSISTÊNCIA À SAÚDE,7559477.78
1,2025,2025-01-01,421197,EVENTOS/SINISTROS CONHECIDOS OU AVISADOS DE ASSISTÊNCIA À SAÚDE,23071325.94
1,2025,2025-01-01,421359,EVENTOS/SINISTROS CONHECIDOS OU AVISADOS DE ASSISTÊNCIA À SAÚDE,3600547.38
1,2025,2025-01-01,421618,EVENTOS/SINISTROS CONHECIDOS OU AVISADOS DE ASSISTÊNCIA À SAÚDE,1377170.12
1,2025,2025-01-01,420786,EVENTOS/SINISTROS CONHECIDOS OU AVISADOS DE ASSISTÊNCIA À SAÚDE,6123267.32
1,2025,2025-01-01,420841,EVENTOS/SINISTROS CONHECIDOS OU AVISADOS DE ASSISTÊNCIA À SAÚDE,0.0
1,2025,2025-01-01,421189,EVENTOS/SINISTROS CONHECIDOS OU AVISADOS DE ASSISTÊNCIA À SAÚDE,676289.76
1,2025,2025-01-01,421634,EVENTOS/SINISTROS CONHECIDOS OU AVISADOS DE ASSISTÊNCIA À SAÚDE,1062086.59
1,2025,2025-01-01,421707,EVENTOS/SINISTROS CONHECIDOS OU AVISADOS DE ASSISTÊNCIA À SAÚDE,4246798.36
1,2025,2025-01-01,420123,EVENTOS/SINISTROS CONHECIDOS OU AVISADOS DE ASSISTÊNCIA À SAÚDE,2189191.53
1,2025,2025-01-01,421367,EVENTOS/SINISTROS CONHECIDOS OU AVISADOS DE ASSISTÊNCIA À SAÚDE,1484944.68
1,2025,2025-01-01,420816,EVENTOS/SINISTROS CONHECIDOS OU AVISADOS DE ASSISTÊNCIA À SAÚDE,701528.59
1,2025,2025-01-01,421146,EVENTOS/SINISTROS CONHECIDOS OU AVISADOS DE ASSISTÊNCIA À SAÚDE,0.0
1,2025,2025-01-01,420077,EVENTOS/SINISTROS CONHECIDOS OU AVISADOS DE ASSISTÊNCIA À SAÚDE,68954286.56
1,2025,2025-01-01,421006,EVENTOS/SINISTROS CONHECIDOS OU AVISADOS DE ASSISTÊNCIA À SAÚDE,16160137.05
1,2025,2025-01-01,420158,EVENTOS/SINISTROS CONHECIDOS OU AVISADOS DE ASSISTÊNCIA À SAÚDE,20871143.51
1,2025,2025-01-01,419974,EVENTOS/SINISTROS CONHECIDOS OU AVISADOS DE ASSISTÊNCIA À SAÚDE,2493089.29
1,2025,2025-01-01,420085,EVENTOS/SINISTROS CONHECIDOS OU AVISADOS DE ASSISTÊNCIA À SAÚDE,3875750.19
1,2025,2025-01-01,421421,EVENTOS/SINISTROS CONHECIDOS OU AVISADOS DE ASSISTÊNCIA À SAÚDE,61228543.37
1,2025,2025-01-01,420981,EVENTOS/SINISTROS CONHECIDOS OU AVISADOS DE ASSISTÊNCIA À SAÚDE,1556871.78
1,2025,2025-01-01,422941,EVENTOS/SINISTROS CONHECIDOS OU AVISADOS DE ASSISTÊNCIA À SAÚDE,0.0
1,2025,2025-01-01,423017,EVENTOS/SINISTROS CONHECIDOS OU AVISADOS DE ASSISTÊNCIA À SAÚDE,0.0
1,2025,2025-01-01,423181,EVENTOS/SINISTROS CONHECIDOS OU AVISADOS DE ASSISTÊNCIA À SAÚDE,122018.71
1,2025,2025-01-01,423262,EVENTOS/SINISTROS CONHECIDOS OU AVISADOS DE ASSISTÊNCIA À SAÚDE,142221.45
1,2025,2025-01-01,421928,EVENTOS/SINISTROS CONHECIDOS OU AVISADOS DE ASSISTÊNCIA À SAÚDE,87175433.0
1,2025,2025-01-01,422088,EVENTOS/SINISTROS CONHECIDOS OU AVISADOS DE ASSISTÊNCIA À SAÚDE,862883.28
1,2025,2025-01-01,422321,EVENTOS/SINISTROS CONHECIDOS OU AVISADOS DE ASSISTÊNCIA À SAÚDE,14150499.65
1,2025,2025-01-01,422398,EVENTOS/SINISTROS CONHECIDOS OU AVISADOS DE ASSISTÊNCIA À SAÚDE,22651568.78
1,2025,2025-01-01,422762,EVENTOS/SINISTROS CONHECIDOS OU AVISADOS DE ASSISTÊNCIA À SAÚDE,3950901.93
1,2025,2025-01-01,423351,EVENTOS/SINISTROS CONHECIDOS OU AVISADOS DE ASSISTÊNCIA À SAÚDE,5043589.55
1,2025,2025-01-01,422134,EVENTOS/SINISTROS CONHECIDOS OU AVISADOS DE ASSISTÊNCIA À SAÚDE,0.0
1,2025,2025-01-01,422959,EVENTOS/SINISTROS CONHECIDOS OU AVISADOS DE ASSISTÊNCIA À SAÚDE,1300441.27
1,2025,2025-01-01,423203,EVENTOS/SINISTROS CONHECIDOS OU AVISADOS DE ASSISTÊNCIA À SAÚDE,1659879.44
1,2025,2025-01-01,421731,EVENTOS/SINISTROS CONHECIDOS OU AVISADOS DE ASSISTÊNCIA À SAÚDE,9966663.11
1,2025,2025-01-01,421944,EVENTOS/SINISTROS CONHECIDOS OU AVISADOS DE ASSISTÊNCIA À SAÚDE,13385920.63
1,2025,2025-01-01,422631,EVENTOS/SINISTROS CONHECIDOS OU AVISADOS DE ASSISTÊNCIA À SAÚDE,30838913.81
1,2025,2025-01-01,422771,EVENTOS/SINISTROS CONHECIDOS OU AVISADOS DE ASSISTÊNCIA À SAÚDE,18572773.19
1,2025,2025-01-01,422029,EVENTOS/SINISTROS CONHECIDOS OU AVISADOS DE ASSISTÊNCIA À SAÚDE,60753644.58
1,2025,2025-01-01,422339,EVENTOS/SINISTROS CONHECIDOS OU AVISADOS DE ASSISTÊNCIA À SAÚDE,83403084.52
1,2025,2025-01-01,422576,EVENTOS/SINISTROS CONHECIDOS OU AVISADOS DE ASSISTÊNCIA À SAÚDE,0.0
1,2025,2025-01-01,422371,EVENTOS/SINISTROS CONHECIDOS OU AVISADOS DE ASSISTÊNCIA À SAÚDE,6383824.0
1,2025,2025-01-01,422479,EVENTOS/SINISTROS CONHECIDOS OU AVISADOS DE ASSISTÊNCIA À SAÚDE,54610.75
1,2025,2025-01-01,422827,EVENTOS/SINISTROS CONHECIDOS OU AVISADOS DE ASSISTÊNCIA À SAÚDE,5717263.71
1,2025,2025-01-01,360414,EVENTOS/SINISTROS CONHECIDOS OU AVISADOS DE ASSISTÊNCIA À SAÚDE,15503980.28
1,2025,2025-01-01,357511,EVENTOS/SINISTROS CONHECIDOS OU AVISADOS DE ASSISTÊNCIA À SAÚDE,237778459.67
1,2025,2025-01-01,358053,EVENTOS/SINISTROS CONHECIDOS OU AVISADOS DE ASSISTÊNCIA À SAÚDE,11171044.96
1,2025,2025-01-01,358436,EVENTOS/SINISTROS CONHECIDOS OU AVISADOS DE ASSISTÊNCIA À SAÚDE,4255572.38
1,2025,2025-01-01,359289,EVENTOS/SINISTROS CONHECIDOS OU AVISADOS DE ASSISTÊNCIA À SAÚDE,38893139.17
1,2025,2025-01-01,354619,EVENTOS/SINISTROS CONHECIDOS OU AVISADOS DE ASSISTÊNCIA À SAÚDE,8012959.36
1,2025,2025-01-01,358096,EVENTOS/SINISTROS CONHECIDOS OU AVISADOS DE ASSISTÊNCIA À SAÚDE,22584533.65
1,2025,2025-01-01,356581,EVENTOS/SINISTROS CONHECIDOS OU AVISADOS DE ASSISTÊNCIA À SAÚDE,14730202.71
1,2025,2025-01-01,359033,EVENTOS/SINISTROS CONHECIDOS OU AVISADOS DE ASSISTÊNCIA À SAÚDE,9203378.98
1,2025,2025-01-01,360244,EVENTOS/SINISTROS CONHECIDOS OU AVISADOS DE ASSISTÊNCIA À SAÚDE,70070078.22
1,2025,2025-01-01,355097,EVENTOS/SINISTROS CONHECIDOS OU AVISADOS DE ASSISTÊNCIA À SAÚDE,207377696.59
1,2025,2025-01-01,355593,EVENTOS/SINISTROS CONHECIDOS OU AVISADOS DE ASSISTÊNCIA À SAÚDE,12020776.95
1,2025,2025-01-01,357138,EVENTOS/SINISTROS CONHECIDOS OU AVISADOS DE ASSISTÊNCIA À SAÚDE,33810956.51
1,2025,2025-01-01,357669,EVENTOS/SINISTROS CONHECIDOS OU AVISADOS DE ASSISTÊNCIA À SAÚDE,4837789.5
1,2025,2025-01-01,358754,EVENTOS/SINISTROS CONHECIDOS OU AVISADOS DE ASSISTÊNCIA À SAÚDE,15178062.54
1,2025,2025-01-01,359661,EVENTOS/SINISTROS CONHECIDOS OU AVISADOS DE ASSISTÊNCIA À SAÚDE,546461489.78
1,2025,2025-01-01,354783,EVENTOS/SINISTROS CONHECIDOS OU AVISADOS DE ASSISTÊNCIA À SAÚDE,81787630.89
1,2025,2025-01-01,355721,EVENTOS/SINISTROS CONHECIDOS OU AVISADOS DE ASSISTÊNCIA À SAÚDE,201834571.61
1,2025,2025-01-01,356417,EVENTOS/SINISTROS CONHECIDOS OU AVISADOS DE ASSISTÊNCIA À SAÚDE,100499315.03
1,2025,2025-01-01,357391,EVENTOS/SINISTROS CONHECIDOS OU AVISADOS DE ASSISTÊNCIA À SAÚDE,452695961.21
1,2025,2025-01-01,354627,EVENTOS/SINISTROS CONHECIDOS OU AVISADOS DE ASSISTÊNCIA À SAÚDE,11410218.34
1,2025,2025-01-01,358088,EVENTOS/SINISTROS CONHECIDOS OU AVISADOS DE ASSISTÊNCIA À SAÚDE,60290130.47
1,2025,2025-01-01,358282,EVENTOS/SINISTROS CONHECIDOS OU AVISADOS DE ASSISTÊNCIA À SAÚDE,9323742.31
1,2025,2025-01-01,359122,EVENTOS/SINISTROS CONHECIDOS OU AVISADOS DE ASSISTÊNCIA À SAÚDE,24715870.98
1,2025,2025-01-01,355151,EVENTOS/SINISTROS CONHECIDOS OU AVISADOS DE ASSISTÊNCIA À SAÚDE,81374026.69
1,2025,2025-01-01,357260,EVENTOS/SINISTROS CONHECIDOS OU AVISADOS DE ASSISTÊNCIA À SAÚDE,46964563.06
1,2025,2025-01-01,357715,EVENTOS/SINISTROS CONHECIDOS OU AVISADOS DE ASSISTÊNCIA À SAÚDE,9400889.8
1,2025,2025-01-01,357022,EVENTOS/SINISTROS CONHECIDOS OU AVISADOS DE ASSISTÊNCIA À SAÚDE,20964260.12
1,2025,2025-01-01,358339,EVENTOS/SINISTROS CONHECIDOS OU AVISADOS DE ASSISTÊNCIA À SAÚDE,1541897.63
1,2025,2025-01-01,359777,EVENTOS/SINISTROS CONHECIDOS OU AVISADOS DE ASSISTÊNCIA À SAÚDE,58968504.49
1,2025,2025-01-01,355691,EVENTOS/SINISTROS CONHECIDOS OU AVISADOS DE ASSISTÊNCIA À SAÚDE,141739682.64
1,2025,2025-01-01,356123,EVENTOS/SINISTROS CONHECIDOS OU AVISADOS DE ASSISTÊNCIA À SAÚDE,35446776.66
1,2025,2025-01-01,359017,EVENTOS/SINISTROS CONHECIDOS OU AVISADOS DE ASSISTÊNCIA À SAÚDE,2306365274.67
1,2025,2025-01-01,354678,EVENTOS/SINISTROS CONHECIDOS OU AVISADOS DE ASSISTÊNCIA À SAÚDE,3924419.26
1,2025,2025-01-01,354996,EVENTOS/SINISTROS CONHECIDOS OU AVISADOS DE ASSISTÊNCIA À SAÚDE,7625912.6
1,2025,2025-01-01,356476,EVENTOS/SINISTROS CONHECIDOS OU AVISADOS DE ASSISTÊNCIA À SAÚDE,30849431.48
1,2025,2025-01-01,355577,EVENTOS/SINISTROS CONHECIDOS OU AVISADOS DE ASSISTÊNCIA À SAÚDE,16724583.02
1,2025,2025-01-01,382639,EVENTOS/SINISTROS CONHECIDOS OU AVISADOS DE ASSISTÊNCIA À SAÚDE,456873.43
1,2025,2025-01-01,380661,EVENTOS/SINISTROS CONHECIDOS OU AVISADOS DE ASSISTÊNCIA À SAÚDE,88315717.49
1,2025,2025-01-01,368920,EVENTOS/SINISTROS CONHECIDOS OU AVISADOS DE ASSISTÊNCIA À SAÚDE,21063169.13
1,2025,2025-01-01,369411,EVENTOS/SINISTROS CONHECIDOS OU AVISADOS DE ASSISTÊNCIA À SAÚDE,38507690.26
1,2025,2025-01-01,371254,EVENTOS/SINISTROS CONHECIDOS OU AVISADOS DE ASSISTÊNCIA À SAÚDE,190546386.92
1,2025,2025-01-01,379280,EVENTOS/SINISTROS CONHECIDOS OU AVISADOS DE ASSISTÊNCIA À SAÚDE,49775958.62
1,2025,2025-01-01,378216,EVENTOS/SINISTROS CONHECIDOS OU AVISADOS DE ASSISTÊNCIA À SAÚDE,15182891.97
1,2025,2025-01-01,370568,EVENTOS/SINISTROS CONHECIDOS OU AVISADOS DE ASSISTÊNCIA À SAÚDE,1497007.39
1,2025,2025-01-01,370711,EVENTOS/SINISTROS CONHECIDOS OU AVISADOS DE ASSISTÊNCIA À SAÚDE,1263982.63
1,2025,2025-01-01,371106,EVENTOS/SINISTROS CONHECIDOS OU AVISADOS DE ASSISTÊNCIA À SAÚDE,48311235.78
1,2025,2025-01-01,372561,EVENTOS/SINISTROS CONHECIDOS OU AVISADOS DE ASSISTÊNCIA À SAÚDE,19091048.95
1,2025,2025-01-01,382655,EVENTOS/SINISTROS CONHECIDOS OU AVISADOS DE ASSISTÊNCIA À SAÚDE,1454091.37
1,2025,2025-01-01,384577,EVENTOS/SINISTROS CONHECIDOS OU AVISADOS DE ASSISTÊNCIA À SAÚDE,176264779.74
1,2025,2025-01-01,371629,EVENTOS/SINISTROS CONHECIDOS OU AVISADOS DE ASSISTÊNCIA À SAÚDE,44608427.66
1,2025,2025-01-01,381144,EVENTOS/SINISTROS CONHECIDOS OU AVISADOS DE ASSISTÊNCIA À SAÚDE,1299121.59
1,2025,2025-01-01,370070,EVENTOS/SINISTROS CONHECIDOS OU AVISADOS DE ASSISTÊNCIA À SAÚDE,120846496.25
1,2025,2025-01-01,368253,EVENTOS/SINISTROS CONHECIDOS OU AVISADOS DE ASSISTÊNCIA À SAÚDE,2232813475.14
1,2025,2025-01-01,370592,EVENTOS/SINISTROS CONHECIDOS OU AVISADOS DE ASSISTÊNCIA À SAÚDE,3880148.38
1,2025,2025-01-01,361569,EVENTOS/SINISTROS CONHECIDOS OU AVISADOS DE ASSISTÊNCIA À SAÚDE,4056200.91
1,2025,2025-01-01,366439,EVENTOS/SINISTROS CONHECIDOS OU AVISADOS DE ASSISTÊNCIA À SAÚDE,3927253.68
1,2025,2025-01-01,363286,EVENTOS/SINISTROS CONHECIDOS OU AVISADOS DE ASSISTÊNCIA À SAÚDE,11855071.84
1,2025,2025-01-01,366064,EVENTOS/SINISTROS CONHECIDOS OU AVISADOS DE ASSISTÊNCIA À SAÚDE,15668507.4
1,2025,2025-01-01,368148,EVENTOS/SINISTROS CONHECIDOS OU AVISADOS DE ASSISTÊNCIA À SAÚDE,17414703.7
1,2025,2025-01-01,361593,EVENTOS/SINISTROS CONHECIDOS OU AVISADOS DE ASSISTÊNCIA À SAÚDE,2740739.84
1,2025,2025-01-01,361941,EVENTOS/SINISTROS CONHECIDOS OU AVISADOS DE ASSISTÊNCIA À SAÚDE,24650797.9
1,2025,2025-01-01,366561,EVENTOS/SINISTROS CONHECIDOS OU AVISADOS DE ASSISTÊNCIA À SAÚDE,76172295.65
1,2025,2025-01-01,362832,EVENTOS/SINISTROS CONHECIDOS OU AVISADOS DE ASSISTÊNCIA À SAÚDE,7458661.36
1,2025,2025-01-01,364312,EVENTOS/SINISTROS CONHECIDOS OU AVISADOS DE ASSISTÊNCIA À SAÚDE,80245521.0
1,2025,2025-01-01,365238,EVENTOS/SINISTROS CONHECIDOS OU AVISADOS DE ASSISTÊNCIA À SAÚDE,17397108.81
1,2025,2025-01-01,367095,EVENTOS/SINISTROS CONHECIDOS OU AVISADOS DE ASSISTÊNCIA À SAÚDE,90805974.48
1,2025,2025-01-01,367613,EVENTOS/SINISTROS CONHECIDOS OU AVISADOS DE ASSISTÊNCIA À SAÚDE,2399138.34
1,2025,2025-01-01,363391,EVENTOS/SINISTROS CONHECIDOS OU AVISADOS DE ASSISTÊNCIA À SAÚDE,1554962.84
1,2025,2025-01-01,365777,EVENTOS/SINISTROS CONHECIDOS OU AVISADOS DE ASSISTÊNCIA À SAÚDE,16878472.27
1,2025,2025-01-01,361011,EVENTOS/SINISTROS CONHECIDOS OU AVISADOS DE ASSISTÊNCIA À SAÚDE,142492412.0
1,2025,2025-01-01,366340,EVENTOS/SINISTROS CONHECIDOS OU AVISADOS DE ASSISTÊNCIA À SAÚDE,11843338.08
1,2025,2025-01-01,360449,EVENTOS/SINISTROS CONHECIDOS OU AVISADOS DE ASSISTÊNCIA À SAÚDE,293667867.55
1,2025,2025-01-01,362140,EVENTOS/SINISTROS CONHECIDOS OU AVISADOS DE ASSISTÊNCIA À SAÚDE,23619999.1
1,2025,2025-01-01,363855,EVENTOS/SINISTROS CONHECIDOS OU AVISADOS DE ASSISTÊNCIA À SAÚDE,23125756.49
1,2025,2025-01-01,361615,EVENTOS/SINISTROS CONHECIDOS OU AVISADOS DE ASSISTÊNCIA À SAÚDE,25913261.68
1,2025,2025-01-01,367397,EVENTOS/SINISTROS CONHECIDOS OU AVISADOS DE ASSISTÊNCIA À SAÚDE,74402128.86
1,2025,2025-01-01,360783,EVENTOS/SINISTROS CONHECIDOS OU AVISADOS DE ASSISTÊNCIA À SAÚDE,2938905.88
1,2025,2025-01-01,361461,EVENTOS/SINISTROS CONHECIDOS OU AVISADOS DE ASSISTÊNCIA À SAÚDE,19201381.24
1,2025,2025-01-01,363189,EVENTOS/SINISTROS CONHECIDOS OU AVISADOS DE ASSISTÊNCIA À SAÚDE,2661360.1
1,2025,2025-01-01,365530,EVENTOS/SINISTROS CONHECIDOS OU AVISADOS DE ASSISTÊNCIA À SAÚDE,11016134.4
1,2025,2025-01-01,365645,EVENTOS/SINISTROS CONHECIDOS OU AVISADOS DE ASSISTÊNCIA À SAÚDE,3306177.69
1,2025,2025-01-01,367087,EVENTOS/SINISTROS CONHECIDOS OU AVISADOS DE ASSISTÊNCIA À SAÚDE,68976185.43
1,2025,2025-01-01,364860,EVENTOS/SINISTROS CONHECIDOS OU AVISADOS DE ASSISTÊNCIA À SAÚDE,42193859.35
1,2025,2025-01-01,365785,EVENTOS/SINISTROS CONHECIDOS OU AVISADOS DE ASSISTÊNCIA À SAÚDE,1091108.3
1,2025,2025-01-01,364584,EVENTOS/SINISTROS CONHECIDOS OU AVISADOS DE ASSISTÊNCIA À SAÚDE,103015509.39
1,2025,2025-01-01,362573,EVENTOS/SINISTROS CONHECIDOS OU AVISADOS DE ASSISTÊNCIA À SAÚDE,9112824.4
1,2025,2025-01-01,364070,EVENTOS/SINISTROS CONHECIDOS OU AVISADOS DE ASSISTÊNCIA À SAÚDE,6648188.6
1,2025,2025-01-01,364592,EVENTOS/SINISTROS CONHECIDOS OU AVISADOS DE ASSISTÊNCIA À SAÚDE,14675116.08
1,2025,2025-01-01,385255,EVENTOS/SINISTROS CONHECIDOS OU AVISADOS DE ASSISTÊNCIA À SAÚDE,38453446.04
1,2025,2025-01-01,369292,EVENTOS/SINISTROS CONHECIDOS OU AVISADOS DE ASSISTÊNCIA À SAÚDE,87909749.58
1,2025,2025-01-01,382281,EVENTOS/SINISTROS CONHECIDOS OU AVISADOS DE ASSISTÊNCIA À SAÚDE,661309.91
1,2025,2025-01-01,370975,EVENTOS/SINISTROS CONHECIDOS OU AVISADOS DE ASSISTÊNCIA À SAÚDE,13242270.27
1,2025,2025-01-01,382876,EVENTOS/SINISTROS CONHECIDOS OU AVISADOS DE ASSISTÊNCIA À SAÚDE,590478426.24
1,2025,2025-01-01,372609,EVENTOS/SINISTROS CONHECIDOS OU AVISADOS DE ASSISTÊNCIA À SAÚDE,57387705.95
1,2025,2025-01-01,382540,EVENTOS/SINISTROS CONHECIDOS OU AVISADOS DE ASSISTÊNCIA À SAÚDE,22797960.34
1,2025,2025-01-01,384704,EVENTOS/SINISTROS CONHECIDOS OU AVISADOS DE ASSISTÊNCIA À SAÚDE,6623685.04
1,2025,2025-01-01,379956,EVENTOS/SINISTROS CONHECIDOS OU AVISADOS DE ASSISTÊNCIA À SAÚDE,460441894.85
1,2025,2025-01-01,369659,EVENTOS/SINISTROS CONHECIDOS OU AVISADOS DE ASSISTÊNCIA À SAÚDE,122332953.03
1,2025,2025-01-01,371564,EVENTOS/SINISTROS CONHECIDOS OU AVISADOS DE ASSISTÊNCIA À SAÚDE,8818237.75
1,2025,2025-01-01,371777,EVENTOS/SINISTROS CONHECIDOS OU AVISADOS DE ASSISTÊNCIA À SAÚDE,30826153.28
1,2025,2025-01-01,368555,EVENTOS/SINISTROS CONHECIDOS OU AVISADOS DE ASSISTÊNCIA À SAÚDE,7756486.67
1,2025,2025-01-01,370681,EVENTOS/SINISTROS CONHECIDOS OU AVISADOS DE ASSISTÊNCIA À SAÚDE,43535998.92
1,2025,2025-01-01,370088,EVENTOS/SINISTROS CONHECIDOS OU AVISADOS DE ASSISTÊNCIA À SAÚDE,15289733.47
1,2025,2025-01-01,374440,EVENTOS/SINISTROS CONHECIDOS OU AVISADOS DE ASSISTÊNCIA À SAÚDE,8638074.7
2,2025,2025-04-01,422959,EVENTOS/SINISTROS CONHECIDOS OU AVISADOS DE ASSISTÊNCIA À SAÚDE,2482016.09
2,2025,2025-04-01,419354,EVENTOS/SINISTROS CONHECIDOS OU AVISADOS DE ASSISTÊNCIA À SAÚDE,267253.68
2,2025,2025-04-01,419699,EVENTOS/SINISTROS CONHECIDOS OU AVISADOS DE ASSISTÊNCIA À SAÚDE,20073331.31
2,2025,2025-04-01,420077,EVENTOS/SINISTROS CONHECIDOS OU AVISADOS DE ASSISTÊNCIA À SAÚDE,145464612.84
2,2025,2025-04-01,421146,EVENTOS/SINISTROS CONHECIDOS OU AVISADOS DE ASSISTÊNCIA À SAÚDE,0.0
2,2025,2025-04-01,421634,EVENTOS/SINISTROS CONHECIDOS OU AVISADOS DE ASSISTÊNCIA À SAÚDE,2110855.9
2,2025,2025-04-01,421707,EVENTOS/SINISTROS CONHECIDOS OU AVISADOS DE ASSISTÊNCIA À SAÚDE,6286661.14
2,2025,2025-04-01,422681,EVENTOS/SINISTROS CONHECIDOS OU AVISADOS DE ASSISTÊNCIA À SAÚDE,38827801.51
2,2025,2025-04-01,422771,EVENTOS/SINISTROS CONHECIDOS OU AVISADOS DE ASSISTÊNCIA À SAÚDE,38280439.3
2,2025,2025-04-01,421871,EVENTOS/SINISTROS CONHECIDOS OU AVISADOS DE ASSISTÊNCIA À SAÚDE,5070697.51
2,2025,2025-04-01,422151,EVENTOS/SINISTROS CONHECIDOS OU AVISADOS DE ASSISTÊNCIA À SAÚDE,8058643.72
2,2025,2025-04-01,422355,EVENTOS/SINISTROS CONHECIDOS OU AVISADOS DE ASSISTÊNCIA À SAÚDE,841260.54
2,2025,2025-04-01,422576,EVENTOS/SINISTROS CONHECIDOS OU AVISADOS DE ASSISTÊNCIA À SAÚDE,0.0
2,2025,2025-04-01,422762,EVENTOS/SINISTROS CONHECIDOS OU AVISADOS DE ASSISTÊNCIA À SAÚDE,9826591.14
2,2025,2025-04-01,419257,EVENTOS/SINISTROS CONHECIDOS OU AVISADOS DE ASSISTÊNCIA À SAÚDE,0.0
2,2025,2025-04-01,420786,EVENTOS/SINISTROS CONHECIDOS OU AVISADOS DE ASSISTÊNCIA À SAÚDE,13336814.66
2,2025,2025-04-01,421618,EVENTOS/SINISTROS CONHECIDOS OU AVISADOS DE ASSISTÊNCIA À SAÚDE,2807665.01
2,2025,2025-04-01,422070,EVENTOS/SINISTROS CONHECIDOS OU AVISADOS DE ASSISTÊNCIA À SAÚDE,26140508.22
2,2025,2025-04-01,422479,EVENTOS/SINISTROS CONHECIDOS OU AVISADOS DE ASSISTÊNCIA À SAÚDE,102243.04
2,2025,2025-04-01,424048,EVENTOS/SINISTROS CONHECIDOS OU AVISADOS DE ASSISTÊNCIA À SAÚDE,1663411.48
2,2025,2025-04-01,419249,EVENTOS/SINISTROS CONHECIDOS OU AVISADOS DE ASSISTÊNCIA À SAÚDE,239043780.16
2,2025,2025-04-01,420841,EVENTOS/SINISTROS CONHECIDOS OU AVISADOS DE ASSISTÊNCIA À SAÚDE,0.0
2,2025,2025-04-01,421367,EVENTOS/SINISTROS CONHECIDOS OU AVISADOS DE ASSISTÊNCIA À SAÚDE,-9276.08
2,2025,2025-04-01,309222,EVENTOS/SINISTROS CONHECIDOS OU AVISADOS DE ASSISTÊNCIA À SAÚDE,1018743827.49
2,2025,2025-04-01,310239,EVENTOS/SINISTROS CONHECIDOS OU AVISADOS DE ASSISTÊNCIA À SAÚDE,11883389.81
2,2025,2025-04-01,311146,EVENTOS/SINISTROS CONHECIDOS OU AVISADOS DE ASSISTÊNCIA À SAÚDE,31697483.34
2,2025,2025-04-01,312282,EVENTOS/SINISTROS CONHECIDOS OU AVISADOS DE ASSISTÊNCIA À SAÚDE,20464825.42
2,2025,2025-04-01,314587,EVENTOS/SINISTROS CONHECIDOS OU AVISADOS DE ASSISTÊNCIA À SAÚDE,21534228.93
2,2025,2025-04-01,315567,EVENTOS/SINISTROS CONHECIDOS OU AVISADOS DE ASSISTÊNCIA À SAÚDE,92627693.39
2,2025,2025-04-01,319384,EVENTOS/SINISTROS CONHECIDOS OU AVISADOS DE ASSISTÊNCIA À SAÚDE,81703199.8
2,2025,2025-04-01,320838,EVENTOS/SINISTROS CONHECIDOS OU AVISADOS DE ASSISTÊNCIA À SAÚDE,457258.33
2,2025,2025-04-01,000582,EVENTOS/SINISTROS CONHECIDOS OU AVISADOS DE ASSISTÊNCIA À SAÚDE,2691304722.05
2,2025,2025-04-01,006246,EVENTOS/SINISTROS CONHECIDOS OU AVISADOS DE ASSISTÊNCIA À SAÚDE,11081575590.82
2,2025,2025-04-01,302627,EVENTOS/SINISTROS CONHECIDOS OU AVISADOS DE ASSISTÊNCIA À SAÚDE,21019481.16
2,2025,2025-04-01,304051,EVENTOS/SINISTROS CONHECIDOS OU AVISADOS DE ASSISTÊNCIA À SAÚDE,69358481.39
2,2025,2025-04-01,304441,EVENTOS/SINISTROS CONHECIDOS OU AVISADOS DE ASSISTÊNCIA À SAÚDE,8226497.77
2,2025,2025-04-01,305626,EVENTOS/SINISTROS CONHECIDOS OU AVISADOS DE ASSISTÊNCIA À SAÚDE,13694012.59
2,2025,2025-04-01,310522,EVENTOS/SINISTROS CONHECIDOS OU AVISADOS DE ASSISTÊNCIA À SAÚDE,96177402.55
2,2025,2025-04-01,311618,EVENTOS/SINISTROS CONHECIDOS OU AVISADOS DE ASSISTÊNCIA À SAÚDE,53294448.96
2,2025,2025-04-01,314706,EVENTOS/SINISTROS CONHECIDOS OU AVISADOS DE ASSISTÊNCIA À SAÚDE,5874781.12
2,2025,2025-04-01,316458,EVENTOS/SINISTROS CONHECIDOS OU AVISADOS DE ASSISTÊNCIA À SAÚDE,13952286.15
2,2025,2025-04-01,321044,EVENTOS/SINISTROS CONHECIDOS OU AVISADOS DE ASSISTÊNCIA À SAÚDE,501964168.19
2,2025,2025-04-01,303844,EVENTOS/SINISTROS CONHECIDOS OU AVISADOS DE ASSISTÊNCIA À SAÚDE,22035269.31
2,2025,2025-04-01,304531,EVENTOS/SINISTROS CONHECIDOS OU AVISADOS DE ASSISTÊNCIA À SAÚDE,4708243.85
2,2025,2025-04-01,306398,EVENTOS/SINISTROS CONHECIDOS OU AVISADOS DE ASSISTÊNCIA À SAÚDE,288217569.62
2,2025,2025-04-01,306762,EVENTOS/SINISTROS CONHECIDOS OU AVISADOS DE ASSISTÊNCIA À SAÚDE,84614909.19
2,2025,2025-04-01,356581,EVENTOS/SINISTROS CONHECIDOS OU AVISADOS DE ASSISTÊNCIA À SAÚDE,28479467.56
2,2025,2025-04-01,357138,EVENTOS/SINISTROS CONHECIDOS OU AVISADOS DE ASSISTÊNCIA À SAÚDE,74226613.2
2,2025,2025-04-01,357260,EVENTOS/SINISTROS CONHECIDOS OU AVISADOS DE ASSISTÊNCIA À SAÚDE,99236445.25
2,2025,2025-04-01,360244,EVENTOS/SINISTROS CONHECIDOS OU AVISADOS DE ASSISTÊNCIA À SAÚDE,140863112.5
2,2025,2025-04-01,361593,EVENTOS/SINISTROS CONHECIDOS OU AVISADOS DE ASSISTÊNCIA À SAÚDE,5917346.12
2,2025,2025-04-01,346209,EVENTOS/SINISTROS CONHECIDOS OU AVISADOS DE ASSISTÊNCIA À SAÚDE,57951215.98
2,2025,2025-04-01,347655,EVENTOS/SINISTROS CONHECIDOS OU AVISADOS DE ASSISTÊNCIA À SAÚDE,56596620.01
2,2025,2025-04-01,350699,EVENTOS/SINISTROS CONHECIDOS OU AVISADOS DE ASSISTÊNCIA À SAÚDE,60808956.35
2,2025,2025-04-01,352519,EVENTOS/SINISTROS CONHECIDOS OU AVISADOS DE ASSISTÊNCIA À SAÚDE,7850572.07
2,2025,2025-04-01,353663,EVENTOS/SINISTROS CONHECIDOS OU AVISADOS DE ASSISTÊNCIA À SAÚDE,203476511.77
2,2025,2025-04-01,357022,EVENTOS/SINISTROS CONHECIDOS OU AVISADOS DE ASSISTÊNCIA À SAÚDE,42681359.97
2,2025,2025-04-01,357669,EVENTOS/SINISTROS CONHECIDOS OU AVISADOS DE ASSISTÊNCIA À SAÚDE,9723186.62
2,2025,2025-04-01,358053,EVENTOS/SINISTROS CONHECIDOS OU AVISADOS DE ASSISTÊNCIA À SAÚDE,47241160.86
2,2025,2025-04-01,358282,EVENTOS/SINISTROS CONHECIDOS OU AVISADOS DE ASSISTÊNCIA À SAÚDE,17751560.98
2,2025,2025-04-01,358754,EVENTOS/SINISTROS CONHECIDOS OU AVISADOS DE ASSISTÊNCIA À SAÚDE,30990611.07
2,2025,2025-04-01,362573,EVENTOS/SINISTROS CONHECIDOS OU AVISADOS DE ASSISTÊNCIA À SAÚDE,19387709.84
2,2025,2025-04-01,369659,EVENTOS/SINISTROS CONHECIDOS OU AVISADOS DE ASSISTÊNCIA À SAÚDE,255546073.79
2,2025,2025-04-01,349682,EVENTOS/SINISTROS CONHECIDOS OU AVISADOS DE ASSISTÊNCIA À SAÚDE,162716294.01
2,2025,2025-04-01,351270,EVENTOS/SINISTROS CONHECIDOS OU AVISADOS DE ASSISTÊNCIA À SAÚDE,17266537.55
2,2025,2025-04-01,312347,EVENTOS/SINISTROS CONHECIDOS OU AVISADOS DE ASSISTÊNCIA À SAÚDE,70109200.92
2,2025,2025-04-01,319180,EVENTOS/SINISTROS CONHECIDOS OU AVISADOS DE ASSISTÊNCIA À SAÚDE,27061916.49
2,2025,2025-04-01,322571,EVENTOS/SINISTROS CONHECIDOS OU AVISADOS DE ASSISTÊNCIA À SAÚDE,57637074.28
2,2025,2025-04-01,320251,EVENTOS/SINISTROS CONHECIDOS OU AVISADOS DE ASSISTÊNCIA À SAÚDE,105641685.51
2,2025,2025-04-01,302147,EVENTOS/SINISTROS CONHECIDOS OU AVISADOS DE ASSISTÊNCIA À SAÚDE,2919851427.47
2,2025,2025-04-01,303267,EVENTOS/SINISTROS CONHECIDOS OU AVISADOS DE ASSISTÊNCIA À SAÚDE,221927893.49
2,2025,2025-04-01,303623,EVENTOS/SINISTROS CONHECIDOS OU AVISADOS DE ASSISTÊNCIA À SAÚDE,395637778.24
2,2025,2025-04-01,304468,EVENTOS/SINISTROS CONHECIDOS OU AVISADOS DE ASSISTÊNCIA À SAÚDE,59303157.1
2,2025,2025-04-01,306126,EVENTOS/SINISTROS CONHECIDOS OU AVISADOS DE ASSISTÊNCIA À SAÚDE,92070452.87
2,2025,2025-04-01,311294,EVENTOS/SINISTROS CONHECIDOS OU AVISADOS DE ASSISTÊNCIA À SAÚDE,86879658.9
2,2025,2025-04-01,316873,EVENTOS/SINISTROS CONHECIDOS OU AVISADOS DE ASSISTÊNCIA À SAÚDE,67707701.87
2,2025,2025-04-01,319872,EVENTOS/SINISTROS CONHECIDOS OU AVISADOS DE ASSISTÊNCIA À SAÚDE,2298986.16
2,2025,2025-04-01,320862,EVENTOS/SINISTROS CONHECIDOS OU AVISADOS DE ASSISTÊNCIA À SAÚDE,49481809.38
2,2025,2025-04-01,301744,EVENTOS/SINISTROS CONHECIDOS OU AVISADOS DE ASSISTÊNCIA À SAÚDE,33501334.57
2,2025,2025-04-01,302953,EVENTOS/SINISTROS CONHECIDOS OU AVISADOS DE ASSISTÊNCIA À SAÚDE,210711289.35
2,2025,2025-04-01,304123,EVENTOS/SINISTROS CONHECIDOS OU AVISADOS DE ASSISTÊNCIA À SAÚDE,25952268.32
2,2025,2025-04-01,408026,EVENTOS/SINISTROS CONHECIDOS OU AVISADOS DE ASSISTÊNCIA À SAÚDE,2630400.7
2,2025,2025-04-01,412058,EVENTOS/SINISTROS CONHECIDOS OU AVISADOS DE ASSISTÊNCIA À SAÚDE,15634228.69
2,2025,2025-04-01,414212,EVENTOS/SINISTROS CONHECIDOS OU AVISADOS DE ASSISTÊNCIA À SAÚDE,12426711.08
2,2025,2025-04-01,416801,EVENTOS/SINISTROS CONHECIDOS OU AVISADOS DE ASSISTÊNCIA À SAÚDE,41917381.36
2,2025,2025-04-01,418129,EVENTOS/SINISTROS CONHECIDOS OU AVISADOS DE ASSISTÊNCIA À SAÚDE,3282096.58
2,2025,2025-04-01,370070,EVENTOS/SINISTROS CONHECIDOS OU AVISADOS DE ASSISTÊNCIA À SAÚDE,250166073.52
2,2025,2025-04-01,379956,EVENTOS/SINISTROS CONHECIDOS OU AVISADOS DE ASSISTÊNCIA À SAÚDE,987508918.53
2,2025,2025-04-01,409243,EVENTOS/SINISTROS CONHECIDOS OU AVISADOS DE ASSISTÊNCIA À SAÚDE,87515635.37
2,2025,2025-04-01,410608,EVENTOS/SINISTROS CONHECIDOS OU AVISADOS DE ASSISTÊNCIA À SAÚDE,7238932.29
2,2025,2025-04-01,412996,EVENTOS/SINISTROS CONHECIDOS OU AVISADOS DE ASSISTÊNCIA À SAÚDE,4186593.75
2,2025,2025-04-01,413551,EVENTOS/SINISTROS CONHECIDOS OU AVISADOS DE ASSISTÊNCIA À SAÚDE,387247.83
2,2025,2025-04-01,414654,EVENTOS/SINISTROS CONHECIDOS OU AVISADOS DE ASSISTÊNCIA À SAÚDE,3020190.55
2,2025,2025-04-01,414930,EVENTOS/SINISTROS CONHECIDOS OU AVISADOS DE ASSISTÊNCIA À SAÚDE,48656632.32
2,2025,2025-04-01,415693,EVENTOS/SINISTROS CONHECIDOS OU AVISADOS DE ASSISTÊNCIA À SAÚDE,79757676.73
2,2025,2025-04-01,415936,EVENTOS/SINISTROS CONHECIDOS OU AVISADOS DE ASSISTÊNCIA À SAÚDE,21457716.42
2,2025,2025-04-01,415944,EVENTOS/SINISTROS CONHECIDOS OU AVISADOS DE ASSISTÊNCIA À SAÚDE,65606.08
2,2025,2025-04-01,416398,EVENTOS/SINISTROS CONHECIDOS OU AVISADOS DE ASSISTÊNCIA À SAÚDE,33332089.28
2,2025,2025-04-01,418218,EVENTOS/SINISTROS CONHECIDOS OU AVISADOS DE ASSISTÊNCIA À SAÚDE,1858787.83
2,2025,2025-04-01,418226,EVENTOS/SINISTROS CONHECIDOS OU AVISADOS DE ASSISTÊNCIA À SAÚDE,4970457.05
2,2025,2025-04-01,418501,EVENTOS/SINISTROS CONHECIDOS OU AVISADOS DE ASSISTÊNCIA À SAÚDE,5794189.43
2,2025,2025-04-01,418587,EVENTOS/SINISTROS CONHECIDOS OU AVISADOS DE ASSISTÊNCIA À SAÚDE,32809697.55
2,2025,2025-04-01,371254,EVENTOS/SINISTROS CONHECIDOS OU AVISADOS DE ASSISTÊNCIA À SAÚDE,394686891.59
2,2025,2025-04-01,374440,EVENTOS/SINISTROS CONHECIDOS OU AVISADOS DE ASSISTÊNCIA À SAÚDE,17681256.57
2,2025,2025-04-01,384704,EVENTOS/SINISTROS CONHECIDOS OU AVISADOS DE ASSISTÊNCIA À SAÚDE,13778282.0
2,2025,2025-04-01,395480,EVENTOS/SINISTROS CONHECIDOS OU AVISADOS DE ASSISTÊNCIA À SAÚDE,37844210.37
2,2025,2025-04-01,408794,EVENTOS/SINISTROS CONHECIDOS OU AVISADOS DE ASSISTÊNCIA À SAÚDE,14717905.54
2,2025,2025-04-01,412759,EVENTOS/SINISTROS CONHECIDOS OU AVISADOS DE ASSISTÊNCIA À SAÚDE,15149343.95
2,2025,2025-04-01,413534,EVENTOS/SINISTROS CONHECIDOS OU AVISADOS DE ASSISTÊNCIA À SAÚDE,454584922.77
2,2025,2025-04-01,415081,EVENTOS/SINISTROS CONHECIDOS OU AVISADOS DE ASSISTÊNCIA À SAÚDE,1215608.9
2,2025,2025-04-01,415910,EVENTOS/SINISTROS CONHECIDOS OU AVISADOS DE ASSISTÊNCIA À SAÚDE,1235794.32
2,2025,2025-04-01,416428,EVENTOS/SINISTROS CONHECIDOS OU AVISADOS DE ASSISTÊNCIA À SAÚDE,19534319.97
2,2025,2025-04-01,392804,EVENTOS/SINISTROS CONHECIDOS OU AVISADOS DE ASSISTÊNCIA À SAÚDE,205087504.86
2,2025,2025-04-01,406945,EVENTOS/SINISTROS CONHECIDOS OU AVISADOS DE ASSISTÊNCIA À SAÚDE,26329292.02
2,2025,2025-04-01,409634,EVENTOS/SINISTROS CONHECIDOS OU AVISADOS DE ASSISTÊNCIA À SAÚDE,4478367.04
2,2025,2025-04-01,413330,EVENTOS/SINISTROS CONHECIDOS OU AVISADOS DE ASSISTÊNCIA À SAÚDE,18935604.79
2,2025,2025-04-01,414689,EVENTOS/SINISTROS CONHECIDOS OU AVISADOS DE ASSISTÊNCIA À SAÚDE,34516.46
2,2025,2025-04-01,415014,EVENTOS/SINISTROS CONHECIDOS OU AVISADOS DE ASSISTÊNCIA À SAÚDE,44273393.42
2,2025,2025-04-01,370568,EVENTOS/SINISTROS CONHECIDOS OU AVISADOS DE ASSISTÊNCIA À SAÚDE,3746947.22
2,2025,2025-04-01,382540,EVENTOS/SINISTROS CONHECIDOS OU AVISADOS DE ASSISTÊNCIA À SAÚDE,50718461.55
2,2025,2025-04-01,382876,EVENTOS/SINISTROS CONHECIDOS OU AVISADOS DE ASSISTÊNCIA À SAÚDE,1216570917.75
2,2025,2025-04-01,385255,EVENTOS/SINISTROS CONHECIDOS OU AVISADOS DE ASSISTÊNCIA À SAÚDE,78285031.43
2,2025,2025-04-01,386596,EVENTOS/SINISTROS CONHECIDOS OU AVISADOS DE ASSISTÊNCIA À SAÚDE,53613518.55
2,2025,2025-04-01,389358,EVENTOS/SINISTROS CONHECIDOS OU AVISADOS DE ASSISTÊNCIA À SAÚDE,5265935.09
2,2025,2025-04-01,401480,EVENTOS/SINISTROS CONHECIDOS OU AVISADOS DE ASSISTÊNCIA À SAÚDE,10990309.76
2,2025,2025-04-01,403962,EVENTOS/SINISTROS CONHECIDOS OU AVISADOS DE ASSISTÊNCIA À SAÚDE,30545523.2
2,2025,2025-04-01,406635,EVENTOS/SINISTROS CONHECIDOS OU AVISADOS DE ASSISTÊNCIA À SAÚDE,3949815.22
2,2025,2025-04-01,411752,EVENTOS/SINISTROS CONHECIDOS OU AVISADOS DE ASSISTÊNCIA À SAÚDE,107439771.45
2,2025,2025-04-01,414387,EVENTOS/SINISTROS CONHECIDOS OU AVISADOS DE ASSISTÊNCIA À SAÚDE,2883449.8
2,2025,2025-04-01,414662,EVENTOS/SINISTROS CONHECIDOS OU AVISADOS DE ASSISTÊNCIA À SAÚDE,5665441.13
2,2025,2025-04-01,414905,EVENTOS/SINISTROS CONHECIDOS OU AVISADOS DE ASSISTÊNCIA À SAÚDE,28928433.27
2,2025,2025-04-01,415065,EVENTOS/SINISTROS CONHECIDOS OU AVISADOS DE ASSISTÊNCIA À SAÚDE,24810142.57
2,2025,2025-04-01,415901,EVENTOS/SINISTROS CONHECIDOS OU AVISADOS DE ASSISTÊNCIA À SAÚDE,691057.47
2,2025,2025-04-01,416690,EVENTOS/SINISTROS CONHECIDOS OU AVISADOS DE ASSISTÊNCIA À SAÚDE,37418072.32
2,2025,2025-04-01,416738,EVENTOS/SINISTROS CONHECIDOS OU AVISADOS DE ASSISTÊNCIA À SAÚDE,39936153.09
2,2025,2025-04-01,382281,EVENTOS/SINISTROS CONHECIDOS OU AVISADOS DE ASSISTÊNCIA À SAÚDE,1769968.47
2,2025,2025-04-01,410292,EVENTOS/SINISTROS CONHECIDOS OU AVISADOS DE ASSISTÊNCIA À SAÚDE,34669463.41
2,2025,2025-04-01,411582,EVENTOS/SINISTROS CONHECIDOS OU AVISADOS DE ASSISTÊNCIA À SAÚDE,28117193.54
2,2025,2025-04-01,412015,EVENTOS/SINISTROS CONHECIDOS OU AVISADOS DE ASSISTÊNCIA À SAÚDE,1769583.65
2,2025,2025-04-01,414581,EVENTOS/SINISTROS CONHECIDOS OU AVISADOS DE ASSISTÊNCIA À SAÚDE,94863956.93
2,2025,2025-04-01,414701,EVENTOS/SINISTROS CONHECIDOS OU AVISADOS DE ASSISTÊNCIA À SAÚDE,4239782.82
2,2025,2025-04-01,415987,EVENTOS/SINISTROS CONHECIDOS OU AVISADOS DE ASSISTÊNCIA À SAÚDE,2452558.98
2,2025,2025-04-01,416584,EVENTOS/SINISTROS CONHECIDOS OU AVISADOS DE ASSISTÊNCIA À SAÚDE,21787688.89
2,2025,2025-04-01,371564,EVENTOS/SINISTROS CONHECIDOS OU AVISADOS DE ASSISTÊNCIA À SAÚDE,17015969.69
2,2025,2025-04-01,371777,EVENTOS/SINISTROS CONHECIDOS OU AVISADOS DE ASSISTÊNCIA À SAÚDE,62744113.69
2,2025,2025-04-01,372609,EVENTOS/SINISTROS CONHECIDOS OU AVISADOS DE ASSISTÊNCIA À SAÚDE,116093365.68
2,2025,2025-04-01,394734,EVENTOS/SINISTROS CONHECIDOS OU AVISADOS DE ASSISTÊNCIA À SAÚDE,37423114.16
2,2025,2025-04-01,312720,EVENTOS/SINISTROS CONHECIDOS OU AVISADOS DE ASSISTÊNCIA À SAÚDE,312907887.81
2,2025,2025-04-01,321320,EVENTOS/SINISTROS CONHECIDOS OU AVISADOS DE ASSISTÊNCIA À SAÚDE,15118431.04
2,2025,2025-04-01,322326,EVENTOS/SINISTROS CONHECIDOS OU AVISADOS DE ASSISTÊNCIA À SAÚDE,5246148.23
2,2025,2025-04-01,305421,EVENTOS/SINISTROS CONHECIDOS OU AVISADOS DE ASSISTÊNCIA À SAÚDE,1696054.97
2,2025,2025-04-01,306100,EVENTOS/SINISTROS CONHECIDOS OU AVISADOS DE ASSISTÊNCIA À SAÚDE,77178810.22
2,2025,2025-04-01,309907,EVENTOS/SINISTROS CONHECIDOS OU AVISADOS DE ASSISTÊNCIA À SAÚDE,66957028.04
2,2025,2025-04-01,319708,EVENTOS/SINISTROS CONHECIDOS OU AVISADOS DE ASSISTÊNCIA À SAÚDE,133992140.82
2,2025,2025-04-01,319996,EVENTOS/SINISTROS CONHECIDOS OU AVISADOS DE ASSISTÊNCIA À SAÚDE,615114995.79
2,2025,2025-04-01,319121,EVENTOS/SINISTROS CONHECIDOS OU AVISADOS DE ASSISTÊNCIA À SAÚDE,277496251.99
2,2025,2025-04-01,000884,EVENTOS/SINISTROS CONHECIDOS OU AVISADOS DE ASSISTÊNCIA À SAÚDE,163982524.49
2,2025,2025-04-01,301728,EVENTOS/SINISTROS CONHECIDOS OU AVISADOS DE ASSISTÊNCIA À SAÚDE,28283480.53
2,2025,2025-04-01,301949,EVENTOS/SINISTROS CONHECIDOS OU AVISADOS DE ASSISTÊNCIA À SAÚDE,348455896.31
2,2025,2025-04-01,303178,EVENTOS/SINISTROS CONHECIDOS OU AVISADOS DE ASSISTÊNCIA À SAÚDE,33725282.95
2,2025,2025-04-01,303356,EVENTOS/SINISTROS CONHECIDOS OU AVISADOS DE ASSISTÊNCIA À SAÚDE,256911731.94
2,2025,2025-04-01,304212,EVENTOS/SINISTROS CONHECIDOS OU AVISADOS DE ASSISTÊNCIA À SAÚDE,5672305.77
2,2025,2025-04-01,308811,EVENTOS/SINISTROS CONHECIDOS OU AVISADOS DE ASSISTÊNCIA À SAÚDE,17834498.03
2,2025,2025-04-01,310247,EVENTOS/SINISTROS CONHECIDOS OU AVISADOS DE ASSISTÊNCIA À SAÚDE,131997086.67
2,2025,2025-04-01,311359,EVENTOS/SINISTROS CONHECIDOS OU AVISADOS DE ASSISTÊNCIA À SAÚDE,44125057.92
2,2025,2025-04-01,311944,EVENTOS/SINISTROS CONHECIDOS OU AVISADOS DE ASSISTÊNCIA À SAÚDE,15624344.81
2,2025,2025-04-01,313149,EVENTOS/SINISTROS CONHECIDOS OU AVISADOS DE ASSISTÊNCIA À SAÚDE,3497551.6
2,2025,2025-04-01,314251,EVENTOS/SINISTROS CONHECIDOS OU AVISADOS DE ASSISTÊNCIA À SAÚDE,35799012.16
2,2025,2025-04-01,314366,EVENTOS/SINISTROS CONHECIDOS OU AVISADOS DE ASSISTÊNCIA À SAÚDE,1685729.64
2,2025,2025-04-01,314668,EVENTOS/SINISTROS CONHECIDOS OU AVISADOS DE ASSISTÊNCIA À SAÚDE,93739828.7
2,2025,2025-04-01,320510,EVENTOS/SINISTROS CONHECIDOS OU AVISADOS DE ASSISTÊNCIA À SAÚDE,16707820.22
2,2025,2025-04-01,320820,EVENTOS/SINISTROS CONHECIDOS OU AVISADOS DE ASSISTÊNCIA À SAÚDE,24328538.78
2,2025,2025-04-01,306886,EVENTOS/SINISTROS CONHECIDOS OU AVISADOS DE ASSISTÊNCIA À SAÚDE,263556085.2
2,2025,2025-04-01,312363,EVENTOS/SINISTROS CONHECIDOS OU AVISADOS DE ASSISTÊNCIA À SAÚDE,2309418050.4
2,2025,2025-04-01,313751,EVENTOS/SINISTROS CONHECIDOS OU AVISADOS DE ASSISTÊNCIA À SAÚDE,19687396.54
2,2025,2025-04-01,314781,EVENTOS/SINISTROS CONHECIDOS OU AVISADOS DE ASSISTÊNCIA À SAÚDE,14620256.66
2,2025,2025-04-01,315265,EVENTOS/SINISTROS CONHECIDOS OU AVISADOS DE ASSISTÊNCIA À SAÚDE,35501425.81
2,2025,2025-04-01,315648,EVENTOS/SINISTROS CONHECIDOS OU AVISADOS DE ASSISTÊNCIA À SAÚDE,20676062.31
2,2025,2025-04-01,316148,EVENTOS/SINISTROS CONHECIDOS OU AVISADOS DE ASSISTÊNCIA À SAÚDE,52672245.29
2,2025,2025-04-01,321087,EVENTOS/SINISTROS CONHECIDOS OU AVISADOS DE ASSISTÊNCIA À SAÚDE,27992907.13
2,2025,2025-04-01,321125,EVENTOS/SINISTROS CONHECIDOS OU AVISADOS DE ASSISTÊNCIA À SAÚDE,9741830.3
2,2025,2025-04-01,304484,EVENTOS/SINISTROS CONHECIDOS OU AVISADOS DE ASSISTÊNCIA À SAÚDE,28507151.75
2,2025,2025-04-01,311391,EVENTOS/SINISTROS CONHECIDOS OU AVISADOS DE ASSISTÊNCIA À SAÚDE,5659094.74
2,2025,2025-04-01,311715,EVENTOS/SINISTROS CONHECIDOS OU AVISADOS DE ASSISTÊNCIA À SAÚDE,71508880.77
2,2025,2025-04-01,312126,EVENTOS/SINISTROS CONHECIDOS OU AVISADOS DE ASSISTÊNCIA À SAÚDE,1095706031.97
2,2025,2025-04-01,312851,EVENTOS/SINISTROS CONHECIDOS OU AVISADOS DE ASSISTÊNCIA À SAÚDE,416195854.23
2,2025,2025-04-01,314242,EVENTOS/SINISTROS CONHECIDOS OU AVISADOS DE ASSISTÊNCIA À SAÚDE,21380737.2
2,2025,2025-04-01,316903,EVENTOS/SINISTROS CONHECIDOS OU AVISADOS DE ASSISTÊNCIA À SAÚDE,256326.88
2,2025,2025-04-01,316997,EVENTOS/SINISTROS CONHECIDOS OU AVISADOS DE ASSISTÊNCIA À SAÚDE,3162872.22
2,2025,2025-04-01,300136,EVENTOS/SINISTROS CONHECIDOS OU AVISADOS DE ASSISTÊNCIA À SAÚDE,58406666.24
2,2025,2025-04-01,300730,EVENTOS/SINISTROS CONHECIDOS OU AVISADOS DE ASSISTÊNCIA À SAÚDE,1774759.52
2,2025,2025-04-01,301124,EVENTOS/SINISTROS CONHECIDOS OU AVISADOS DE ASSISTÊNCIA À SAÚDE,17719346.55
2,2025,2025-04-01,311057,EVENTOS/SINISTROS CONHECIDOS OU AVISADOS DE ASSISTÊNCIA À SAÚDE,168782.68
2,2025,2025-04-01,314315,EVENTOS/SINISTROS CONHECIDOS OU AVISADOS DE ASSISTÊNCIA À SAÚDE,6447086.17
2,2025,2025-04-01,315494,EVENTOS/SINISTROS CONHECIDOS OU AVISADOS DE ASSISTÊNCIA À SAÚDE,16937660.3
2,2025,2025-04-01,317012,EVENTOS/SINISTROS CONHECIDOS OU AVISADOS DE ASSISTÊNCIA À SAÚDE,28175905.79
2,2025,2025-04-01,302228,EVENTOS/SINISTROS CONHECIDOS OU AVISADOS DE ASSISTÊNCIA À SAÚDE,13453217.34
2,2025,2025-04-01,303739,EVENTOS/SINISTROS CONHECIDOS OU AVISADOS DE ASSISTÊNCIA À SAÚDE,102427327.53
2,2025,2025-04-01,304131,EVENTOS/SINISTROS CONHECIDOS OU AVISADOS DE ASSISTÊNCIA À SAÚDE,55501011.6
2,2025,2025-04-01,304395,EVENTOS/SINISTROS CONHECIDOS OU AVISADOS DE ASSISTÊNCIA À SAÚDE,59135812.84
2,2025,2025-04-01,306754,EVENTOS/SINISTROS CONHECIDOS OU AVISADOS DE ASSISTÊNCIA À SAÚDE,21864090.64
2,2025,2025-04-01,422029,EVENTOS/SINISTROS CONHECIDOS OU AVISADOS DE ASSISTÊNCIA À SAÚDE,133865473.9
2,2025,2025-04-01,422398,EVENTOS/SINISTROS CONHECIDOS OU AVISADOS DE ASSISTÊNCIA À SAÚDE,45200855.15
2,2025,2025-04-01,422746,EVENTOS/SINISTROS CONHECIDOS OU AVISADOS DE ASSISTÊNCIA À SAÚDE,1495797.49
2,2025,2025-04-01,423203,EVENTOS/SINISTROS CONHECIDOS OU AVISADOS DE ASSISTÊNCIA À SAÚDE,1662233.25
2,2025,2025-04-01,423645,EVENTOS/SINISTROS CONHECIDOS OU AVISADOS DE ASSISTÊNCIA À SAÚDE,42734.1
2,2025,2025-04-01,423718,EVENTOS/SINISTROS CONHECIDOS OU AVISADOS DE ASSISTÊNCIA À SAÚDE,8381013.23
2,2025,2025-04-01,419010,EVENTOS/SINISTROS CONHECIDOS OU AVISADOS DE ASSISTÊNCIA À SAÚDE,202450705.75
2,2025,2025-04-01,419079,EVENTOS/SINISTROS CONHECIDOS OU AVISADOS DE ASSISTÊNCIA À SAÚDE,0.0
2,2025,2025-04-01,419851,EVENTOS/SINISTROS CONHECIDOS OU AVISADOS DE ASSISTÊNCIA À SAÚDE,5470391.57
2,2025,2025-04-01,420981,EVENTOS/SINISTROS CONHECIDOS OU AVISADOS DE ASSISTÊNCIA À SAÚDE,3443746.99
2,2025,2025-04-01,421341,EVENTOS/SINISTROS CONHECIDOS OU AVISADOS DE ASSISTÊNCIA À SAÚDE,45709211.07
2,2025,2025-04-01,421421,EVENTOS/SINISTROS CONHECIDOS OU AVISADOS DE ASSISTÊNCIA À SAÚDE,124596726.54
2,2025,2025-04-01,421723,EVENTOS/SINISTROS CONHECIDOS OU AVISADOS DE ASSISTÊNCIA À SAÚDE,1004405.32
2,2025,2025-04-01,422835,EVENTOS/SINISTROS CONHECIDOS OU AVISADOS DE ASSISTÊNCIA À SAÚDE,7488078.4
2,2025,2025-04-01,423572,EVENTOS/SINISTROS CONHECIDOS OU AVISADOS DE ASSISTÊNCIA À SAÚDE,307454.33
2,2025,2025-04-01,419958,EVENTOS/SINISTROS CONHECIDOS OU AVISADOS DE ASSISTÊNCIA À SAÚDE,16079679.09
2,2025,2025-04-01,420271,EVENTOS/SINISTROS CONHECIDOS OU AVISADOS DE ASSISTÊNCIA À SAÚDE,8605719.04
2,2025,2025-04-01,421154,EVENTOS/SINISTROS CONHECIDOS OU AVISADOS DE ASSISTÊNCIA À SAÚDE,21994696.17
2,2025,2025-04-01,419141,EVENTOS/SINISTROS CONHECIDOS OU AVISADOS DE ASSISTÊNCIA À SAÚDE,60676109.52
2,2025,2025-04-01,420051,EVENTOS/SINISTROS CONHECIDOS OU AVISADOS DE ASSISTÊNCIA À SAÚDE,268902.47
2,2025,2025-04-01,420093,EVENTOS/SINISTROS CONHECIDOS OU AVISADOS DE ASSISTÊNCIA À SAÚDE,2010078.62
2,2025,2025-04-01,420166,EVENTOS/SINISTROS CONHECIDOS OU AVISADOS DE ASSISTÊNCIA À SAÚDE,89389061.08
2,2025,2025-04-01,422584,EVENTOS/SINISTROS CONHECIDOS OU AVISADOS DE ASSISTÊNCIA À SAÚDE,11088684.6
2,2025,2025-04-01,423441,EVENTOS/SINISTROS CONHECIDOS OU AVISADOS DE ASSISTÊNCIA À SAÚDE,3288491.51
2,2025,2025-04-01,423564,EVENTOS/SINISTROS CONHECIDOS OU AVISADOS DE ASSISTÊNCIA À SAÚDE,433111.67
2,2025,2025-04-01,419419,EVENTOS/SINISTROS CONHECIDOS OU AVISADOS DE ASSISTÊNCIA À SAÚDE,18399189.11
2,2025,2025-04-01,420000,EVENTOS/SINISTROS CONHECIDOS OU AVISADOS DE ASSISTÊNCIA À SAÚDE,31671230.99
2,2025,2025-04-01,421731,EVENTOS/SINISTROS CONHECIDOS OU AVISADOS DE ASSISTÊNCIA À SAÚDE,26246281.58
2,2025,2025-04-01,422134,EVENTOS/SINISTROS CONHECIDOS OU AVISADOS DE ASSISTÊNCIA À SAÚDE,0.0
2,2025,2025-04-01,423629,EVENTOS/SINISTROS CONHECIDOS OU AVISADOS DE ASSISTÊNCIA À SAÚDE,6875407.2
2,2025,2025-04-01,423912,EVENTOS/SINISTROS CONHECIDOS OU AVISADOS DE ASSISTÊNCIA À SAÚDE,177539.47
2,2025,2025-04-01,421944,EVENTOS/SINISTROS CONHECIDOS OU AVISADOS DE ASSISTÊNCIA À SAÚDE,28920295.71
2,2025,2025-04-01,422321,EVENTOS/SINISTROS CONHECIDOS OU AVISADOS DE ASSISTÊNCIA À SAÚDE,29240735.02
2,2025,2025-04-01,422380,EVENTOS/SINISTROS CONHECIDOS OU AVISADOS DE ASSISTÊNCIA À SAÚDE,4309234.67
2,2025,2025-04-01,422401,EVENTOS/SINISTROS CONHECIDOS OU AVISADOS DE ASSISTÊNCIA À SAÚDE,0.0
2,2025,2025-04-01,422720,EVENTOS/SINISTROS CONHECIDOS OU AVISADOS DE ASSISTÊNCIA À SAÚDE,125049382.65
2,2025,2025-04-01,422827,EVENTOS/SINISTROS CONHECIDOS OU AVISADOS DE ASSISTÊNCIA À SAÚDE,13201270.56
2,2025,2025-04-01,423017,EVENTOS/SINISTROS CONHECIDOS OU AVISADOS DE ASSISTÊNCIA À SAÚDE,0.0
2,2025,2025-04-01,423181,EVENTOS/SINISTROS CONHECIDOS OU AVISADOS DE ASSISTÊNCIA À SAÚDE,210555.05
2,2025,2025-04-01,423319,EVENTOS/SINISTROS CONHECIDOS OU AVISADOS DE ASSISTÊNCIA À SAÚDE,24228770.88
2,2025,2025-04-01,423335,EVENTOS/SINISTROS CONHECIDOS OU AVISADOS DE ASSISTÊNCIA À SAÚDE,20650960.53
2,2025,2025-04-01,423432,EVENTOS/SINISTROS CONHECIDOS OU AVISADOS DE ASSISTÊNCIA À SAÚDE,1692691.52
2,2025,2025-04-01,423548,EVENTOS/SINISTROS CONHECIDOS OU AVISADOS DE ASSISTÊNCIA À SAÚDE,8030419.22
2,2025,2025-04-01,419052,EVENTOS/SINISTROS CONHECIDOS OU AVISADOS DE ASSISTÊNCIA À SAÚDE,26948173.88
2,2025,2025-04-01,419524,EVENTOS/SINISTROS CONHECIDOS OU AVISADOS DE ASSISTÊNCIA À SAÚDE,604123.1
2,2025,2025-04-01,419753,EVENTOS/SINISTROS CONHECIDOS OU AVISADOS DE ASSISTÊNCIA À SAÚDE,3759902.83
2,2025,2025-04-01,421928,EVENTOS/SINISTROS CONHECIDOS OU AVISADOS DE ASSISTÊNCIA À SAÚDE,195191306.86
2,2025,2025-04-01,422304,EVENTOS/SINISTROS CONHECIDOS OU AVISADOS DE ASSISTÊNCIA À SAÚDE,3001448.05
2,2025,2025-04-01,422487,EVENTOS/SINISTROS CONHECIDOS OU AVISADOS DE ASSISTÊNCIA À SAÚDE,4226127.47
2,2025,2025-04-01,423661,EVENTOS/SINISTROS CONHECIDOS OU AVISADOS DE ASSISTÊNCIA À SAÚDE,37673420.35
2,2025,2025-04-01,423815,EVENTOS/SINISTROS CONHECIDOS OU AVISADOS DE ASSISTÊNCIA À SAÚDE,35024.84
2,2025,2025-04-01,424145,EVENTOS/SINISTROS CONHECIDOS OU AVISADOS DE ASSISTÊNCIA À SAÚDE,0.0
2,2025,2025-04-01,419028,EVENTOS/SINISTROS CONHECIDOS OU AVISADOS DE ASSISTÊNCIA À SAÚDE,1503464.69
2,2025,2025-04-01,419281,EVENTOS/SINISTROS CONHECIDOS OU AVISADOS DE ASSISTÊNCIA À SAÚDE,909959.84
2,2025,2025-04-01,420158,EVENTOS/SINISTROS CONHECIDOS OU AVISADOS DE ASSISTÊNCIA À SAÚDE,51362137.5
2,2025,2025-04-01,421006,EVENTOS/SINISTROS CONHECIDOS OU AVISADOS DE ASSISTÊNCIA À SAÚDE,29984756.03
2,2025,2025-04-01,421642,EVENTOS/SINISTROS CONHECIDOS OU AVISADOS DE ASSISTÊNCIA À SAÚDE,33561.61
2,2025,2025-04-01,422088,EVENTOS/SINISTROS CONHECIDOS OU AVISADOS DE ASSISTÊNCIA À SAÚDE,1803916.66
2,2025,2025-04-01,423173,EVENTOS/SINISTROS CONHECIDOS OU AVISADOS DE ASSISTÊNCIA À SAÚDE,127915165.87
2,2025,2025-04-01,423262,EVENTOS/SINISTROS CONHECIDOS OU AVISADOS DE ASSISTÊNCIA À SAÚDE,256847.71
2,2025,2025-04-01,423351,EVENTOS/SINISTROS CONHECIDOS OU AVISADOS DE ASSISTÊNCIA À SAÚDE,10356873.86
2,2025,2025-04-01,424544,EVENTOS/SINISTROS CONHECIDOS OU AVISADOS DE ASSISTÊNCIA À SAÚDE,0.0
2,2025,2025-04-01,419567,EVENTOS/SINISTROS CONHECIDOS OU AVISADOS DE ASSISTÊNCIA À SAÚDE,0.0
2,2025,2025-04-01,419974,EVENTOS/SINISTROS CONHECIDOS OU AVISADOS DE ASSISTÊNCIA À SAÚDE,4421575.11
2,2025,2025-04-01,420085,EVENTOS/SINISTROS CONHECIDOS OU AVISADOS DE ASSISTÊNCIA À SAÚDE,9170491.03
2,2025,2025-04-01,412635,EVENTOS/SINISTROS CONHECIDOS OU AVISADOS DE ASSISTÊNCIA À SAÚDE,11433150.27
2,2025,2025-04-01,414026,EVENTOS/SINISTROS CONHECIDOS OU AVISADOS DE ASSISTÊNCIA À SAÚDE,3411692.01
2,2025,2025-04-01,417599,EVENTOS/SINISTROS CONHECIDOS OU AVISADOS DE ASSISTÊNCIA À SAÚDE,47302221.78
2,2025,2025-04-01,418919,EVENTOS/SINISTROS CONHECIDOS OU AVISADOS DE ASSISTÊNCIA À SAÚDE,22880149.93
2,2025,2025-04-01,370088,EVENTOS/SINISTROS CONHECIDOS OU AVISADOS DE ASSISTÊNCIA À SAÚDE,29662432.01
2,2025,2025-04-01,370681,EVENTOS/SINISTROS CONHECIDOS OU AVISADOS DE ASSISTÊNCIA À SAÚDE,89639813.55
2,2025,2025-04-01,373109,EVENTOS/SINISTROS CONHECIDOS OU AVISADOS DE ASSISTÊNCIA À SAÚDE,1928743.3
2,2025,2025-04-01,384577,EVENTOS/SINISTROS CONHECIDOS OU AVISADOS DE ASSISTÊNCIA À SAÚDE,358524514.22
2,2025,2025-04-01,393533,EVENTOS/SINISTROS CONHECIDOS OU AVISADOS DE ASSISTÊNCIA À SAÚDE,-3009469.68
2,2025,2025-04-01,408522,EVENTOS/SINISTROS CONHECIDOS OU AVISADOS DE ASSISTÊNCIA À SAÚDE,756291.51
2,2025,2025-04-01,409413,EVENTOS/SINISTROS CONHECIDOS OU AVISADOS DE ASSISTÊNCIA À SAÚDE,6799376.19
2,2025,2025-04-01,411248,EVENTOS/SINISTROS CONHECIDOS OU AVISADOS DE ASSISTÊNCIA À SAÚDE,2725066.96
2,2025,2025-04-01,416568,EVENTOS/SINISTROS CONHECIDOS OU AVISADOS DE ASSISTÊNCIA À SAÚDE,77730465.74
2,2025,2025-04-01,417661,EVENTOS/SINISTROS CONHECIDOS OU AVISADOS DE ASSISTÊNCIA À SAÚDE,31052008.23
2,2025,2025-04-01,417815,EVENTOS/SINISTROS CONHECIDOS OU AVISADOS DE ASSISTÊNCIA À SAÚDE,33025350.22
2,2025,2025-04-01,417831,EVENTOS/SINISTROS CONHECIDOS OU AVISADOS DE ASSISTÊNCIA À SAÚDE,1762157.98
2,2025,2025-04-01,417947,EVENTOS/SINISTROS CONHECIDOS OU AVISADOS DE ASSISTÊNCIA À SAÚDE,63917477.4
2,2025,2025-04-01,417955,EVENTOS/SINISTROS CONHECIDOS OU AVISADOS DE ASSISTÊNCIA À SAÚDE,32758129.95
2,2025,2025-04-01,418021,EVENTOS/SINISTROS CONHECIDOS OU AVISADOS DE ASSISTÊNCIA À SAÚDE,163823872.97
2,2025,2025-04-01,418072,EVENTOS/SINISTROS CONHECIDOS OU AVISADOS DE ASSISTÊNCIA À SAÚDE,130277.56
2,2025,2025-04-01,418170,EVENTOS/SINISTROS CONHECIDOS OU AVISADOS DE ASSISTÊNCIA À SAÚDE,175202289.94
2,2025,2025-04-01,385620,EVENTOS/SINISTROS CONHECIDOS OU AVISADOS DE ASSISTÊNCIA À SAÚDE,21882592.35
2,2025,2025-04-01,388092,EVENTOS/SINISTROS CONHECIDOS OU AVISADOS DE ASSISTÊNCIA À SAÚDE,5542158.64
2,2025,2025-04-01,402966,EVENTOS/SINISTROS CONHECIDOS OU AVISADOS DE ASSISTÊNCIA À SAÚDE,9916176.24
2,2025,2025-04-01,406554,EVENTOS/SINISTROS CONHECIDOS OU AVISADOS DE ASSISTÊNCIA À SAÚDE,63959987.0
2,2025,2025-04-01,408263,EVENTOS/SINISTROS CONHECIDOS OU AVISADOS DE ASSISTÊNCIA À SAÚDE,5065068.71
2,2025,2025-04-01,409405,EVENTOS/SINISTROS CONHECIDOS OU AVISADOS DE ASSISTÊNCIA À SAÚDE,1555096.4
2,2025,2025-04-01,413267,EVENTOS/SINISTROS CONHECIDOS OU AVISADOS DE ASSISTÊNCIA À SAÚDE,1199087.33
2,2025,2025-04-01,414352,EVENTOS/SINISTROS CONHECIDOS OU AVISADOS DE ASSISTÊNCIA À SAÚDE,65640337.97
2,2025,2025-04-01,418285,EVENTOS/SINISTROS CONHECIDOS OU AVISADOS DE ASSISTÊNCIA À SAÚDE,0.0
2,2025,2025-04-01,417475,EVENTOS/SINISTROS CONHECIDOS OU AVISADOS DE ASSISTÊNCIA À SAÚDE,4485106.41
2,2025,2025-04-01,382655,EVENTOS/SINISTROS CONHECIDOS OU AVISADOS DE ASSISTÊNCIA À SAÚDE,3199541.93
2,2025,2025-04-01,386588,EVENTOS/SINISTROS CONHECIDOS OU AVISADOS DE ASSISTÊNCIA À SAÚDE,147354681.18
2,2025,2025-04-01,387185,EVENTOS/SINISTROS CONHECIDOS OU AVISADOS DE ASSISTÊNCIA À SAÚDE,14269458.03
2,2025,2025-04-01,402206,EVENTOS/SINISTROS CONHECIDOS OU AVISADOS DE ASSISTÊNCIA À SAÚDE,10757558.44
2,2025,2025-04-01,410128,EVENTOS/SINISTROS CONHECIDOS OU AVISADOS DE ASSISTÊNCIA À SAÚDE,20838962.16
2,2025,2025-04-01,411868,EVENTOS/SINISTROS CONHECIDOS OU AVISADOS DE ASSISTÊNCIA À SAÚDE,3572314.01
2,2025,2025-04-01,413518,EVENTOS/SINISTROS CONHECIDOS OU AVISADOS DE ASSISTÊNCIA À SAÚDE,10498837.53
2,2025,2025-04-01,414573,EVENTOS/SINISTROS CONHECIDOS OU AVISADOS DE ASSISTÊNCIA À SAÚDE,37157439.94
2,2025,2025-04-01,417424,EVENTOS/SINISTROS CONHECIDOS OU AVISADOS DE ASSISTÊNCIA À SAÚDE,0.0
2,2025,2025-04-01,417505,EVENTOS/SINISTROS CONHECIDOS OU AVISADOS DE ASSISTÊNCIA À SAÚDE,286540101.6
2,2025,2025-04-01,417530,EVENTOS/SINISTROS CONHECIDOS OU AVISADOS DE ASSISTÊNCIA À SAÚDE,165702681.31
2,2025,2025-04-01,417548,EVENTOS/SINISTROS CONHECIDOS OU AVISADOS DE ASSISTÊNCIA À SAÚDE,86818889.03
2,2025,2025-04-01,381144,EVENTOS/SINISTROS CONHECIDOS OU AVISADOS DE ASSISTÊNCIA À SAÚDE,2681542.16
2,2025,2025-04-01,401081,EVENTOS/SINISTROS CONHECIDOS OU AVISADOS DE ASSISTÊNCIA À SAÚDE,56364855.65
2,2025,2025-04-01,407534,EVENTOS/SINISTROS CONHECIDOS OU AVISADOS DE ASSISTÊNCIA À SAÚDE,1302377.49
2,2025,2025-04-01,408093,EVENTOS/SINISTROS CONHECIDOS OU AVISADOS DE ASSISTÊNCIA À SAÚDE,1647835.05
2,2025,2025-04-01,410110,EVENTOS/SINISTROS CONHECIDOS OU AVISADOS DE ASSISTÊNCIA À SAÚDE,13046936.09
2,2025,2025-04-01,411256,EVENTOS/SINISTROS CONHECIDOS OU AVISADOS DE ASSISTÊNCIA À SAÚDE,235970997.91
2,2025,2025-04-01,411809,EVENTOS/SINISTROS CONHECIDOS OU AVISADOS DE ASSISTÊNCIA À SAÚDE,5350633.0
2,2025,2025-04-01,413429,EVENTOS/SINISTROS CONHECIDOS OU AVISADOS DE ASSISTÊNCIA À SAÚDE,9739296.79
2,2025,2025-04-01,415626,EVENTOS/SINISTROS CONHECIDOS OU AVISADOS DE ASSISTÊNCIA À SAÚDE,12354467.94
2,2025,2025-04-01,416401,EVENTOS/SINISTROS CONHECIDOS OU AVISADOS DE ASSISTÊNCIA À SAÚDE,101417363.61
2,2025,2025-04-01,418617,EVENTOS/SINISTROS CONHECIDOS OU AVISADOS DE ASSISTÊNCIA À SAÚDE,20279306.91
2,2025,2025-04-01,417131,EVENTOS/SINISTROS CONHECIDOS OU AVISADOS DE ASSISTÊNCIA À SAÚDE,1155083.28
2,2025,2025-04-01,417211,EVENTOS/SINISTROS CONHECIDOS OU AVISADOS DE ASSISTÊNCIA À SAÚDE,34430645.96
2,2025,2025-04-01,417297,EVENTOS/SINISTROS CONHECIDOS OU AVISADOS DE ASSISTÊNCIA À SAÚDE,47472830.19
2,2025,2025-04-01,390259,EVENTOS/SINISTROS CONHECIDOS OU AVISADOS DE ASSISTÊNCIA À SAÚDE,4114006.58
2,2025,2025-04-01,393321,EVENTOS/SINISTROS CONHECIDOS OU AVISADOS DE ASSISTÊNCIA À SAÚDE,43905275.41
2,2025,2025-04-01,406813,EVENTOS/SINISTROS CONHECIDOS OU AVISADOS DE ASSISTÊNCIA À SAÚDE,2137160.71
2,2025,2025-04-01,407224,EVENTOS/SINISTROS CONHECIDOS OU AVISADOS DE ASSISTÊNCIA À SAÚDE,2466295.18
2,2025,2025-04-01,407569,EVENTOS/SINISTROS CONHECIDOS OU AVISADOS DE ASSISTÊNCIA À SAÚDE,3421666.04
2,2025,2025-04-01,410888,EVENTOS/SINISTROS CONHECIDOS OU AVISADOS DE ASSISTÊNCIA À SAÚDE,14492197.92
2,2025,2025-04-01,412295,EVENTOS/SINISTROS CONHECIDOS OU AVISADOS DE ASSISTÊNCIA À SAÚDE,32660300.35
2,2025,2025-04-01,413747,EVENTOS/SINISTROS CONHECIDOS OU AVISADOS DE ASSISTÊNCIA À SAÚDE,2010709.24
2,2025,2025-04-01,416525,EVENTOS/SINISTROS CONHECIDOS OU AVISADOS DE ASSISTÊNCIA À SAÚDE,4849751.74
2,2025,2025-04-01,370975,EVENTOS/SINISTROS CONHECIDOS OU AVISADOS DE ASSISTÊNCIA À SAÚDE,26418627.49
2,2025,2025-04-01,406481,EVENTOS/SINISTROS CONHECIDOS OU AVISADOS DE ASSISTÊNCIA À SAÚDE,44484984.84
2,2025,2025-04-01,409791,EVENTOS/SINISTROS CONHECIDOS OU AVISADOS DE ASSISTÊNCIA À SAÚDE,2806005.69
2,2025,2025-04-01,415111,EVENTOS/SINISTROS CONHECIDOS OU AVISADOS DE ASSISTÊNCIA À SAÚDE,130859933.83
2,2025,2025-04-01,415243,EVENTOS/SINISTROS CONHECIDOS OU AVISADOS DE ASSISTÊNCIA À SAÚDE,2175099.6
2,2025,2025-04-01,417106,EVENTOS/SINISTROS CONHECIDOS OU AVISADOS DE ASSISTÊNCIA À SAÚDE,1153567.62
2,2025,2025-04-01,418650,EVENTOS/SINISTROS CONHECIDOS OU AVISADOS DE ASSISTÊNCIA À SAÚDE,72912679.8
2,2025,2025-04-01,418731,EVENTOS/SINISTROS CONHECIDOS OU AVISADOS DE ASSISTÊNCIA À SAÚDE,36772681.32
2,2025,2025-04-01,418749,EVENTOS/SINISTROS CONHECIDOS OU AVISADOS DE ASSISTÊNCIA À SAÚDE,3138349.38
2,2025,2025-04-01,370711,EVENTOS/SINISTROS CONHECIDOS OU AVISADOS DE ASSISTÊNCIA À SAÚDE,2671351.18
2,2025,2025-04-01,371106,EVENTOS/SINISTROS CONHECIDOS OU AVISADOS DE ASSISTÊNCIA À SAÚDE,102940965.78
2,2025,2025-04-01,385697,EVENTOS/SINISTROS CONHECIDOS OU AVISADOS DE ASSISTÊNCIA À SAÚDE,202347718.68
2,2025,2025-04-01,407011,EVENTOS/SINISTROS CONHECIDOS OU AVISADOS DE ASSISTÊNCIA À SAÚDE,-548489.69
2,2025,2025-04-01,408034,EVENTOS/SINISTROS CONHECIDOS OU AVISADOS DE ASSISTÊNCIA À SAÚDE,2022621.88
2,2025,2025-04-01,412252,EVENTOS/SINISTROS CONHECIDOS OU AVISADOS DE ASSISTÊNCIA À SAÚDE,13524648.31
2,2025,2025-04-01,413372,EVENTOS/SINISTROS CONHECIDOS OU AVISADOS DE ASSISTÊNCIA À SAÚDE,9378350.55
2,2025,2025-04-01,414492,EVENTOS/SINISTROS CONHECIDOS OU AVISADOS DE ASSISTÊNCIA À SAÚDE,86456036.07
2,2025,2025-04-01,416495,EVENTOS/SINISTROS CONHECIDOS OU AVISADOS DE ASSISTÊNCIA À SAÚDE,35899356.85
2,2025,2025-04-01,418803,EVENTOS/SINISTROS CONHECIDOS OU AVISADOS DE ASSISTÊNCIA À SAÚDE,44462348.55
2,2025,2025-04-01,418820,EVENTOS/SINISTROS CONHECIDOS OU AVISADOS DE ASSISTÊNCIA À SAÚDE,22284275.05
2,2025,2025-04-01,417491,EVENTOS/SINISTROS CONHECIDOS OU AVISADOS DE ASSISTÊNCIA À SAÚDE,2944982.15
2,2025,2025-04-01,389854,EVENTOS/SINISTROS CONHECIDOS OU AVISADOS DE ASSISTÊNCIA À SAÚDE,6393654.31
2,2025,2025-04-01,404241,EVENTOS/SINISTROS CONHECIDOS OU AVISADOS DE ASSISTÊNCIA À SAÚDE,7640885.58
2,2025,2025-04-01,406805,EVENTOS/SINISTROS CONHECIDOS OU AVISADOS DE ASSISTÊNCIA À SAÚDE,10707535.12
2,2025,2025-04-01,333689,EVENTOS/SINISTROS CONHECIDOS OU AVISADOS DE ASSISTÊNCIA À SAÚDE,0.0
2,2025,2025-04-01,335479,EVENTOS/SINISTROS CONHECIDOS OU AVISADOS DE ASSISTÊNCIA À SAÚDE,201077432.91
2,2025,2025-04-01,342343,EVENTOS/SINISTROS CONHECIDOS OU AVISADOS DE ASSISTÊNCIA À SAÚDE,22350207.15
2,2025,2025-04-01,343684,EVENTOS/SINISTROS CONHECIDOS OU AVISADOS DE ASSISTÊNCIA À SAÚDE,26879024.33
2,2025,2025-04-01,343722,EVENTOS/SINISTROS CONHECIDOS OU AVISADOS DE ASSISTÊNCIA À SAÚDE,7135242.65
2,2025,2025-04-01,344141,EVENTOS/SINISTROS CONHECIDOS OU AVISADOS DE ASSISTÊNCIA À SAÚDE,1962681.65
2,2025,2025-04-01,330108,EVENTOS/SINISTROS CONHECIDOS OU AVISADOS DE ASSISTÊNCIA À SAÚDE,55036124.47
2,2025,2025-04-01,343889,EVENTOS/SINISTROS CONHECIDOS OU AVISADOS DE ASSISTÊNCIA À SAÚDE,2741741213.49
2,2025,2025-04-01,344184,EVENTOS/SINISTROS CONHECIDOS OU AVISADOS DE ASSISTÊNCIA À SAÚDE,2336926.03
2,2025,2025-04-01,344362,EVENTOS/SINISTROS CONHECIDOS OU AVISADOS DE ASSISTÊNCIA À SAÚDE,97496113.41
2,2025,2025-04-01,344729,EVENTOS/SINISTROS CONHECIDOS OU AVISADOS DE ASSISTÊNCIA À SAÚDE,71727281.13
2,2025,2025-04-01,324299,EVENTOS/SINISTROS CONHECIDOS OU AVISADOS DE ASSISTÊNCIA À SAÚDE,15868309.01
2,2025,2025-04-01,325082,EVENTOS/SINISTROS CONHECIDOS OU AVISADOS DE ASSISTÊNCIA À SAÚDE,4811496.75
2,2025,2025-04-01,325236,EVENTOS/SINISTROS CONHECIDOS OU AVISADOS DE ASSISTÊNCIA À SAÚDE,44619750.13
2,2025,2025-04-01,328537,EVENTOS/SINISTROS CONHECIDOS OU AVISADOS DE ASSISTÊNCIA À SAÚDE,75791559.63
2,2025,2025-04-01,331104,EVENTOS/SINISTROS CONHECIDOS OU AVISADOS DE ASSISTÊNCIA À SAÚDE,1384448.07
2,2025,2025-04-01,333239,EVENTOS/SINISTROS CONHECIDOS OU AVISADOS DE ASSISTÊNCIA À SAÚDE,628262.89
2,2025,2025-04-01,334847,EVENTOS/SINISTROS CONHECIDOS OU AVISADOS DE ASSISTÊNCIA À SAÚDE,8156550.49
2,2025,2025-04-01,343056,EVENTOS/SINISTROS CONHECIDOS OU AVISADOS DE ASSISTÊNCIA À SAÚDE,2083703.83
2,2025,2025-04-01,343153,EVENTOS/SINISTROS CONHECIDOS OU AVISADOS DE ASSISTÊNCIA À SAÚDE,6307323.2
2,2025,2025-04-01,343404,EVENTOS/SINISTROS CONHECIDOS OU AVISADOS DE ASSISTÊNCIA À SAÚDE,949277.76
2,2025,2025-04-01,343676,EVENTOS/SINISTROS CONHECIDOS OU AVISADOS DE ASSISTÊNCIA À SAÚDE,30101585.29
2,2025,2025-04-01,323993,EVENTOS/SINISTROS CONHECIDOS OU AVISADOS DE ASSISTÊNCIA À SAÚDE,88423777.11
2,2025,2025-04-01,324523,EVENTOS/SINISTROS CONHECIDOS OU AVISADOS DE ASSISTÊNCIA À SAÚDE,2368.26
2,2025,2025-04-01,333051,EVENTOS/SINISTROS CONHECIDOS OU AVISADOS DE ASSISTÊNCIA À SAÚDE,122495798.65
2,2025,2025-04-01,334511,EVENTOS/SINISTROS CONHECIDOS OU AVISADOS DE ASSISTÊNCIA À SAÚDE,0.0
2,2025,2025-04-01,336831,EVENTOS/SINISTROS CONHECIDOS OU AVISADOS DE ASSISTÊNCIA À SAÚDE,66023299.68
2,2025,2025-04-01,337561,EVENTOS/SINISTROS CONHECIDOS OU AVISADOS DE ASSISTÊNCIA À SAÚDE,8258622.49
2,2025,2025-04-01,343331,EVENTOS/SINISTROS CONHECIDOS OU AVISADOS DE ASSISTÊNCIA À SAÚDE,38299595.1
2,2025,2025-04-01,343731,EVENTOS/SINISTROS CONHECIDOS OU AVISADOS DE ASSISTÊNCIA À SAÚDE,468360881.91
2,2025,2025-04-01,323004,EVENTOS/SINISTROS CONHECIDOS OU AVISADOS DE ASSISTÊNCIA À SAÚDE,8265095.69
2,2025,2025-04-01,329355,EVENTOS/SINISTROS CONHECIDOS OU AVISADOS DE ASSISTÊNCIA À SAÚDE,23446200.77
2,2025,2025-04-01,330281,EVENTOS/SINISTROS CONHECIDOS OU AVISADOS DE ASSISTÊNCIA À SAÚDE,23564615.54
2,2025,2025-04-01,352586,EVENTOS/SINISTROS CONHECIDOS OU AVISADOS DE ASSISTÊNCIA À SAÚDE,31587330.56
2,2025,2025-04-01,353027,EVENTOS/SINISTROS CONHECIDOS OU AVISADOS DE ASSISTÊNCIA À SAÚDE,34678650.46
2,2025,2025-04-01,359777,EVENTOS/SINISTROS CONHECIDOS OU AVISADOS DE ASSISTÊNCIA À SAÚDE,120574500.04
2,2025,2025-04-01,367087,EVENTOS/SINISTROS CONHECIDOS OU AVISADOS DE ASSISTÊNCIA À SAÚDE,143562437.58
2,2025,2025-04-01,350346,EVENTOS/SINISTROS CONHECIDOS OU AVISADOS DE ASSISTÊNCIA À SAÚDE,10279336.42
2,2025,2025-04-01,353876,EVENTOS/SINISTROS CONHECIDOS OU AVISADOS DE ASSISTÊNCIA À SAÚDE,18879552.73
2,2025,2025-04-01,354511,EVENTOS/SINISTROS CONHECIDOS OU AVISADOS DE ASSISTÊNCIA À SAÚDE,76686360.39
2,2025,2025-04-01,354783,EVENTOS/SINISTROS CONHECIDOS OU AVISADOS DE ASSISTÊNCIA À SAÚDE,171735368.79
2,2025,2025-04-01,355097,EVENTOS/SINISTROS CONHECIDOS OU AVISADOS DE ASSISTÊNCIA À SAÚDE,450280906.97
2,2025,2025-04-01,357391,EVENTOS/SINISTROS CONHECIDOS OU AVISADOS DE ASSISTÊNCIA À SAÚDE,920633182.93
2,2025,2025-04-01,359033,EVENTOS/SINISTROS CONHECIDOS OU AVISADOS DE ASSISTÊNCIA À SAÚDE,18354142.87
2,2025,2025-04-01,361461,EVENTOS/SINISTROS CONHECIDOS OU AVISADOS DE ASSISTÊNCIA À SAÚDE,38605972.2
2,2025,2025-04-01,361941,EVENTOS/SINISTROS CONHECIDOS OU AVISADOS DE ASSISTÊNCIA À SAÚDE,46266196.48
2,2025,2025-04-01,367397,EVENTOS/SINISTROS CONHECIDOS OU AVISADOS DE ASSISTÊNCIA À SAÚDE,156754758.57
2,2025,2025-04-01,368148,EVENTOS/SINISTROS CONHECIDOS OU AVISADOS DE ASSISTÊNCIA À SAÚDE,34526523.57
2,2025,2025-04-01,368253,EVENTOS/SINISTROS CONHECIDOS OU AVISADOS DE ASSISTÊNCIA À SAÚDE,5304748384.71
2,2025,2025-04-01,368555,EVENTOS/SINISTROS CONHECIDOS OU AVISADOS DE ASSISTÊNCIA À SAÚDE,15064354.14
2,2025,2025-04-01,348295,EVENTOS/SINISTROS CONHECIDOS OU AVISADOS DE ASSISTÊNCIA À SAÚDE,554107033.02
2,2025,2025-04-01,351792,EVENTOS/SINISTROS CONHECIDOS OU AVISADOS DE ASSISTÊNCIA À SAÚDE,3586343.71
2,2025,2025-04-01,354325,EVENTOS/SINISTROS CONHECIDOS OU AVISADOS DE ASSISTÊNCIA À SAÚDE,38648222.11
2,2025,2025-04-01,354619,EVENTOS/SINISTROS CONHECIDOS OU AVISADOS DE ASSISTÊNCIA À SAÚDE,17105990.78
2,2025,2025-04-01,356123,EVENTOS/SINISTROS CONHECIDOS OU AVISADOS DE ASSISTÊNCIA À SAÚDE,75611633.38
2,2025,2025-04-01,359289,EVENTOS/SINISTROS CONHECIDOS OU AVISADOS DE ASSISTÊNCIA À SAÚDE,84792426.59
2,2025,2025-04-01,359661,EVENTOS/SINISTROS CONHECIDOS OU AVISADOS DE ASSISTÊNCIA À SAÚDE,1181774913.31
2,2025,2025-04-01,360414,EVENTOS/SINISTROS CONHECIDOS OU AVISADOS DE ASSISTÊNCIA À SAÚDE,31157711.71
2,2025,2025-04-01,360449,EVENTOS/SINISTROS CONHECIDOS OU AVISADOS DE ASSISTÊNCIA À SAÚDE,609048370.54
2,2025,2025-04-01,360783,EVENTOS/SINISTROS CONHECIDOS OU AVISADOS DE ASSISTÊNCIA À SAÚDE,6135987.2
2,2025,2025-04-01,346659,EVENTOS/SINISTROS CONHECIDOS OU AVISADOS DE ASSISTÊNCIA À SAÚDE,3816484521.91
2,2025,2025-04-01,347825,EVENTOS/SINISTROS CONHECIDOS OU AVISADOS DE ASSISTÊNCIA À SAÚDE,5421698.53
2,2025,2025-04-01,350494,EVENTOS/SINISTROS CONHECIDOS OU AVISADOS DE ASSISTÊNCIA À SAÚDE,41876473.29
2,2025,2025-04-01,355577,EVENTOS/SINISTROS CONHECIDOS OU AVISADOS DE ASSISTÊNCIA À SAÚDE,33770820.55
2,2025,2025-04-01,361011,EVENTOS/SINISTROS CONHECIDOS OU AVISADOS DE ASSISTÊNCIA À SAÚDE,273066864.69
2,2025,2025-04-01,364860,EVENTOS/SINISTROS CONHECIDOS OU AVISADOS DE ASSISTÊNCIA À SAÚDE,86739285.27
2,2025,2025-04-01,345741,EVENTOS/SINISTROS CONHECIDOS OU AVISADOS DE ASSISTÊNCIA À SAÚDE,2206457.23
2,2025,2025-04-01,347108,EVENTOS/SINISTROS CONHECIDOS OU AVISADOS DE ASSISTÊNCIA À SAÚDE,25010818.55
2,2025,2025-04-01,311847,EVENTOS/SINISTROS CONHECIDOS OU AVISADOS DE ASSISTÊNCIA À SAÚDE,173161060.71
2,2025,2025-04-01,312592,EVENTOS/SINISTROS CONHECIDOS OU AVISADOS DE ASSISTÊNCIA À SAÚDE,53172873.51
2,2025,2025-04-01,313084,EVENTOS/SINISTROS CONHECIDOS OU AVISADOS DE ASSISTÊNCIA À SAÚDE,22941233.61
2,2025,2025-04-01,315583,EVENTOS/SINISTROS CONHECIDOS OU AVISADOS DE ASSISTÊNCIA À SAÚDE,10907379.62
2,2025,2025-04-01,318213,EVENTOS/SINISTROS CONHECIDOS OU AVISADOS DE ASSISTÊNCIA À SAÚDE,21720062.47
2,2025,2025-04-01,318299,EVENTOS/SINISTROS CONHECIDOS OU AVISADOS DE ASSISTÊNCIA À SAÚDE,123554748.57
2,2025,2025-04-01,318388,EVENTOS/SINISTROS CONHECIDOS OU AVISADOS DE ASSISTÊNCIA À SAÚDE,54291701.02
2,2025,2025-04-01,320897,EVENTOS/SINISTROS CONHECIDOS OU AVISADOS DE ASSISTÊNCIA À SAÚDE,42792867.59
2,2025,2025-04-01,318566,EVENTOS/SINISTROS CONHECIDOS OU AVISADOS DE ASSISTÊNCIA À SAÚDE,68538722.64
2,2025,2025-04-01,300713,EVENTOS/SINISTROS CONHECIDOS OU AVISADOS DE ASSISTÊNCIA À SAÚDE,59328623.65
2,2025,2025-04-01,304344,EVENTOS/SINISTROS CONHECIDOS OU AVISADOS DE ASSISTÊNCIA À SAÚDE,43956004.33
2,2025,2025-04-01,307319,EVENTOS/SINISTROS CONHECIDOS OU AVISADOS DE ASSISTÊNCIA À SAÚDE,129092363.95
2,2025,2025-04-01,309028,EVENTOS/SINISTROS CONHECIDOS OU AVISADOS DE ASSISTÊNCIA À SAÚDE,5634839.56
2,2025,2025-04-01,310981,EVENTOS/SINISTROS CONHECIDOS OU AVISADOS DE ASSISTÊNCIA À SAÚDE,6659386.17
2,2025,2025-04-01,321273,EVENTOS/SINISTROS CONHECIDOS OU AVISADOS DE ASSISTÊNCIA À SAÚDE,292917184.65
2,2025,2025-04-01,319422,EVENTOS/SINISTROS CONHECIDOS OU AVISADOS DE ASSISTÊNCIA À SAÚDE,41660821.24
2,2025,2025-04-01,321958,EVENTOS/SINISTROS CONHECIDOS OU AVISADOS DE ASSISTÊNCIA À SAÚDE,157441497.18
2,2025,2025-04-01,005711,EVENTOS/SINISTROS CONHECIDOS OU AVISADOS DE ASSISTÊNCIA À SAÚDE,15559601494.6
2,2025,2025-04-01,305928,EVENTOS/SINISTROS CONHECIDOS OU AVISADOS DE ASSISTÊNCIA À SAÚDE,3538103.63
2,2025,2025-04-01,333875,EVENTOS/SINISTROS CONHECIDOS OU AVISADOS DE ASSISTÊNCIA À SAÚDE,26421996.61
2,2025,2025-04-01,336017,EVENTOS/SINISTROS CONHECIDOS OU AVISADOS DE ASSISTÊNCIA À SAÚDE,1961412.96
2,2025,2025-04-01,337188,EVENTOS/SINISTROS CONHECIDOS OU AVISADOS DE ASSISTÊNCIA À SAÚDE,145364628.05
2,2025,2025-04-01,341941,EVENTOS/SINISTROS CONHECIDOS OU AVISADOS DE ASSISTÊNCIA À SAÚDE,8480656.99
2,2025,2025-04-01,342131,EVENTOS/SINISTROS CONHECIDOS OU AVISADOS DE ASSISTÊNCIA À SAÚDE,15741744.31
2,2025,2025-04-01,345318,EVENTOS/SINISTROS CONHECIDOS OU AVISADOS DE ASSISTÊNCIA À SAÚDE,9621694.4
2,2025,2025-04-01,345458,EVENTOS/SINISTROS CONHECIDOS OU AVISADOS DE ASSISTÊNCIA À SAÚDE,32694473.26
2,2025,2025-04-01,342955,EVENTOS/SINISTROS CONHECIDOS OU AVISADOS DE ASSISTÊNCIA À SAÚDE,1892620.01
2,2025,2025-04-01,343064,EVENTOS/SINISTROS CONHECIDOS OU AVISADOS DE ASSISTÊNCIA À SAÚDE,44065381.33
2,2025,2025-04-01,343129,EVENTOS/SINISTROS CONHECIDOS OU AVISADOS DE ASSISTÊNCIA À SAÚDE,14096805.82
2,2025,2025-04-01,325465,EVENTOS/SINISTROS CONHECIDOS OU AVISADOS DE ASSISTÊNCIA À SAÚDE,16683968.44
2,2025,2025-04-01,331341,EVENTOS/SINISTROS CONHECIDOS OU AVISADOS DE ASSISTÊNCIA À SAÚDE,111379114.09
2,2025,2025-04-01,335541,EVENTOS/SINISTROS CONHECIDOS OU AVISADOS DE ASSISTÊNCIA À SAÚDE,31616544.57
2,2025,2025-04-01,343269,EVENTOS/SINISTROS CONHECIDOS OU AVISADOS DE ASSISTÊNCIA À SAÚDE,497202636.14
2,2025,2025-04-01,344451,EVENTOS/SINISTROS CONHECIDOS OU AVISADOS DE ASSISTÊNCIA À SAÚDE,10092277.61
2,2025,2025-04-01,323080,EVENTOS/SINISTROS CONHECIDOS OU AVISADOS DE ASSISTÊNCIA À SAÚDE,1940643555.96
2,2025,2025-04-01,324175,EVENTOS/SINISTROS CONHECIDOS OU AVISADOS DE ASSISTÊNCIA À SAÚDE,13154001.13
2,2025,2025-04-01,324345,EVENTOS/SINISTROS CONHECIDOS OU AVISADOS DE ASSISTÊNCIA À SAÚDE,68270576.06
2,2025,2025-04-01,327417,EVENTOS/SINISTROS CONHECIDOS OU AVISADOS DE ASSISTÊNCIA À SAÚDE,125178013.08
2,2025,2025-04-01,328294,EVENTOS/SINISTROS CONHECIDOS OU AVISADOS DE ASSISTÊNCIA À SAÚDE,49406098.22
2,2025,2025-04-01,330892,EVENTOS/SINISTROS CONHECIDOS OU AVISADOS DE ASSISTÊNCIA À SAÚDE,10490334.87
2,2025,2025-04-01,331872,EVENTOS/SINISTROS CONHECIDOS OU AVISADOS DE ASSISTÊNCIA À SAÚDE,323445565.97
2,2025,2025-04-01,333662,EVENTOS/SINISTROS CONHECIDOS OU AVISADOS DE ASSISTÊNCIA À SAÚDE,86107004.22
2,2025,2025-04-01,335258,EVENTOS/SINISTROS CONHECIDOS OU AVISADOS DE ASSISTÊNCIA À SAÚDE,10909827.91
2,2025,2025-04-01,337498,EVENTOS/SINISTROS CONHECIDOS OU AVISADOS DE ASSISTÊNCIA À SAÚDE,33899573.29
2,2025,2025-04-01,343765,EVENTOS/SINISTROS CONHECIDOS OU AVISADOS DE ASSISTÊNCIA À SAÚDE,14206703.35
2,2025,2025-04-01,344788,EVENTOS/SINISTROS CONHECIDOS OU AVISADOS DE ASSISTÊNCIA À SAÚDE,6599098.16
2,2025,2025-04-01,330809,EVENTOS/SINISTROS CONHECIDOS OU AVISADOS DE ASSISTÊNCIA À SAÚDE,48322637.61
2,2025,2025-04-01,334243,EVENTOS/SINISTROS CONHECIDOS OU AVISADOS DE ASSISTÊNCIA À SAÚDE,3507767.51
2,2025,2025-04-01,335690,EVENTOS/SINISTROS CONHECIDOS OU AVISADOS DE ASSISTÊNCIA À SAÚDE,1551736635.16
2,2025,2025-04-01,344915,EVENTOS/SINISTROS CONHECIDOS OU AVISADOS DE ASSISTÊNCIA À SAÚDE,1892837.68
2,2025,2025-04-01,323357,EVENTOS/SINISTROS CONHECIDOS OU AVISADOS DE ASSISTÊNCIA À SAÚDE,32681160.62
2,2025,2025-04-01,324493,EVENTOS/SINISTROS CONHECIDOS OU AVISADOS DE ASSISTÊNCIA À SAÚDE,100374772.52
2,2025,2025-04-01,325031,EVENTOS/SINISTROS CONHECIDOS OU AVISADOS DE ASSISTÊNCIA À SAÚDE,40475726.97
2,2025,2025-04-01,326500,EVENTOS/SINISTROS CONHECIDOS OU AVISADOS DE ASSISTÊNCIA À SAÚDE,189885856.37
2,2025,2025-04-01,327328,EVENTOS/SINISTROS CONHECIDOS OU AVISADOS DE ASSISTÊNCIA À SAÚDE,582230.0
2,2025,2025-04-01,327638,EVENTOS/SINISTROS CONHECIDOS OU AVISADOS DE ASSISTÊNCIA À SAÚDE,8691421.37
2,2025,2025-04-01,328375,EVENTOS/SINISTROS CONHECIDOS OU AVISADOS DE ASSISTÊNCIA À SAÚDE,13073071.98
2,2025,2025-04-01,330264,EVENTOS/SINISTROS CONHECIDOS OU AVISADOS DE ASSISTÊNCIA À SAÚDE,57323197.09
2,2025,2025-04-01,352501,EVENTOS/SINISTROS CONHECIDOS OU AVISADOS DE ASSISTÊNCIA À SAÚDE,1797787637.69
2,2025,2025-04-01,354295,EVENTOS/SINISTROS CONHECIDOS OU AVISADOS DE ASSISTÊNCIA À SAÚDE,117143356.07
2,2025,2025-04-01,358339,EVENTOS/SINISTROS CONHECIDOS OU AVISADOS DE ASSISTÊNCIA À SAÚDE,3021670.6
2,2025,2025-04-01,365530,EVENTOS/SINISTROS CONHECIDOS OU AVISADOS DE ASSISTÊNCIA À SAÚDE,22397837.7
2,2025,2025-04-01,367095,EVENTOS/SINISTROS CONHECIDOS OU AVISADOS DE ASSISTÊNCIA À SAÚDE,192385547.69
2,2025,2025-04-01,347736,EVENTOS/SINISTROS CONHECIDOS OU AVISADOS DE ASSISTÊNCIA À SAÚDE,18154832.65
2,2025,2025-04-01,352314,EVENTOS/SINISTROS CONHECIDOS OU AVISADOS DE ASSISTÊNCIA À SAÚDE,41871347.22
2,2025,2025-04-01,355721,EVENTOS/SINISTROS CONHECIDOS OU AVISADOS DE ASSISTÊNCIA À SAÚDE,421220440.95
2,2025,2025-04-01,357715,EVENTOS/SINISTROS CONHECIDOS OU AVISADOS DE ASSISTÊNCIA À SAÚDE,19775575.13
2,2025,2025-04-01,358096,EVENTOS/SINISTROS CONHECIDOS OU AVISADOS DE ASSISTÊNCIA À SAÚDE,46550121.64
2,2025,2025-04-01,361615,EVENTOS/SINISTROS CONHECIDOS OU AVISADOS DE ASSISTÊNCIA À SAÚDE,53791604.64
2,2025,2025-04-01,367613,EVENTOS/SINISTROS CONHECIDOS OU AVISADOS DE ASSISTÊNCIA À SAÚDE,4579913.1
2,2025,2025-04-01,363855,EVENTOS/SINISTROS CONHECIDOS OU AVISADOS DE ASSISTÊNCIA À SAÚDE,44817495.44
2,2025,2025-04-01,346276,EVENTOS/SINISTROS CONHECIDOS OU AVISADOS DE ASSISTÊNCIA À SAÚDE,137886242.62
2,2025,2025-04-01,351407,EVENTOS/SINISTROS CONHECIDOS OU AVISADOS DE ASSISTÊNCIA À SAÚDE,59779587.98
2,2025,2025-04-01,309524,EVENTOS/SINISTROS CONHECIDOS OU AVISADOS DE ASSISTÊNCIA À SAÚDE,15174146.07
2,2025,2025-04-01,314218,EVENTOS/SINISTROS CONHECIDOS OU AVISADOS DE ASSISTÊNCIA À SAÚDE,342312852.64
2,2025,2025-04-01,315044,EVENTOS/SINISTROS CONHECIDOS OU AVISADOS DE ASSISTÊNCIA À SAÚDE,112349542.55
2,2025,2025-04-01,315729,EVENTOS/SINISTROS CONHECIDOS OU AVISADOS DE ASSISTÊNCIA À SAÚDE,312622204.22
2,2025,2025-04-01,317144,EVENTOS/SINISTROS CONHECIDOS OU AVISADOS DE ASSISTÊNCIA À SAÚDE,1301146166.82
2,2025,2025-04-01,000701,EVENTOS/SINISTROS CONHECIDOS OU AVISADOS DE ASSISTÊNCIA À SAÚDE,2530570079.16
2,2025,2025-04-01,304701,EVENTOS/SINISTROS CONHECIDOS OU AVISADOS DE ASSISTÊNCIA À SAÚDE,1565678932.23
2,2025,2025-04-01,305227,EVENTOS/SINISTROS CONHECIDOS OU AVISADOS DE ASSISTÊNCIA À SAÚDE,47497156.19
2,2025,2025-04-01,305472,EVENTOS/SINISTROS CONHECIDOS OU AVISADOS DE ASSISTÊNCIA À SAÚDE,46380888.45
2,2025,2025-04-01,306045,EVENTOS/SINISTROS CONHECIDOS OU AVISADOS DE ASSISTÊNCIA À SAÚDE,4249404.28
2,2025,2025-04-01,307751,EVENTOS/SINISTROS CONHECIDOS OU AVISADOS DE ASSISTÊNCIA À SAÚDE,60584864.34
2,2025,2025-04-01,309087,EVENTOS/SINISTROS CONHECIDOS OU AVISADOS DE ASSISTÊNCIA À SAÚDE,39787708.68
2,2025,2025-04-01,313475,EVENTOS/SINISTROS CONHECIDOS OU AVISADOS DE ASSISTÊNCIA À SAÚDE,6745471.91
2,2025,2025-04-01,316881,EVENTOS/SINISTROS CONHECIDOS OU AVISADOS DE ASSISTÊNCIA À SAÚDE,68910516.72
2,2025,2025-04-01,318477,EVENTOS/SINISTROS CONHECIDOS OU AVISADOS DE ASSISTÊNCIA À SAÚDE,48154703.95
2,2025,2025-04-01,303976,EVENTOS/SINISTROS CONHECIDOS OU AVISADOS DE ASSISTÊNCIA À SAÚDE,755957322.54
2,2025,2025-04-01,419133,EVENTOS/SINISTROS CONHECIDOS OU AVISADOS DE ASSISTÊNCIA À SAÚDE,0.0
2,2025,2025-04-01,419486,EVENTOS/SINISTROS CONHECIDOS OU AVISADOS DE ASSISTÊNCIA À SAÚDE,27624666.15
2,2025,2025-04-01,420816,EVENTOS/SINISTROS CONHECIDOS OU AVISADOS DE ASSISTÊNCIA À SAÚDE,1366161.05
2,2025,2025-04-01,353353,EVENTOS/SINISTROS CONHECIDOS OU AVISADOS DE ASSISTÊNCIA À SAÚDE,271763919.46
2,2025,2025-04-01,354678,EVENTOS/SINISTROS CONHECIDOS OU AVISADOS DE ASSISTÊNCIA À SAÚDE,8066791.89
2,2025,2025-04-01,358436,EVENTOS/SINISTROS CONHECIDOS OU AVISADOS DE ASSISTÊNCIA À SAÚDE,9090210.94
2,2025,2025-04-01,363286,EVENTOS/SINISTROS CONHECIDOS OU AVISADOS DE ASSISTÊNCIA À SAÚDE,23643260.21
2,2025,2025-04-01,346004,EVENTOS/SINISTROS CONHECIDOS OU AVISADOS DE ASSISTÊNCIA À SAÚDE,9590115.59
2,2025,2025-04-01,346951,EVENTOS/SINISTROS CONHECIDOS OU AVISADOS DE ASSISTÊNCIA À SAÚDE,32774141.99
2,2025,2025-04-01,349534,EVENTOS/SINISTROS CONHECIDOS OU AVISADOS DE ASSISTÊNCIA À SAÚDE,59491953.28
2,2025,2025-04-01,364312,EVENTOS/SINISTROS CONHECIDOS OU AVISADOS DE ASSISTÊNCIA À SAÚDE,169286456.63
2,2025,2025-04-01,364584,EVENTOS/SINISTROS CONHECIDOS OU AVISADOS DE ASSISTÊNCIA À SAÚDE,209212003.76
2,2025,2025-04-01,364592,EVENTOS/SINISTROS CONHECIDOS OU AVISADOS DE ASSISTÊNCIA À SAÚDE,27929243.86
2,2025,2025-04-01,365238,EVENTOS/SINISTROS CONHECIDOS OU AVISADOS DE ASSISTÊNCIA À SAÚDE,35260842.03
2,2025,2025-04-01,365645,EVENTOS/SINISTROS CONHECIDOS OU AVISADOS DE ASSISTÊNCIA À SAÚDE,3306177.69
2,2025,2025-04-01,365777,EVENTOS/SINISTROS CONHECIDOS OU AVISADOS DE ASSISTÊNCIA À SAÚDE,35799298.57
2,2025,2025-04-01,347604,EVENTOS/SINISTROS CONHECIDOS OU AVISADOS DE ASSISTÊNCIA À SAÚDE,4416049.12
2,2025,2025-04-01,347795,EVENTOS/SINISTROS CONHECIDOS OU AVISADOS DE ASSISTÊNCIA À SAÚDE,2927442.54
2,2025,2025-04-01,348261,EVENTOS/SINISTROS CONHECIDOS OU AVISADOS DE ASSISTÊNCIA À SAÚDE,23275367.99
2,2025,2025-04-01,349712,EVENTOS/SINISTROS CONHECIDOS OU AVISADOS DE ASSISTÊNCIA À SAÚDE,165435952.61
2,2025,2025-04-01,350249,EVENTOS/SINISTROS CONHECIDOS OU AVISADOS DE ASSISTÊNCIA À SAÚDE,152420494.44
2,2025,2025-04-01,351202,EVENTOS/SINISTROS CONHECIDOS OU AVISADOS DE ASSISTÊNCIA À SAÚDE,396547271.93
2,2025,2025-04-01,333867,EVENTOS/SINISTROS CONHECIDOS OU AVISADOS DE ASSISTÊNCIA À SAÚDE,6948281.68
2,2025,2025-04-01,335592,EVENTOS/SINISTROS CONHECIDOS OU AVISADOS DE ASSISTÊNCIA À SAÚDE,557483954.85
2,2025,2025-04-01,335614,EVENTOS/SINISTROS CONHECIDOS OU AVISADOS DE ASSISTÊNCIA À SAÚDE,711225413.91
2,2025,2025-04-01,335789,EVENTOS/SINISTROS CONHECIDOS OU AVISADOS DE ASSISTÊNCIA À SAÚDE,11659788.73
2,2025,2025-04-01,338648,EVENTOS/SINISTROS CONHECIDOS OU AVISADOS DE ASSISTÊNCIA À SAÚDE,85834414.55
2,2025,2025-04-01,340251,EVENTOS/SINISTROS CONHECIDOS OU AVISADOS DE ASSISTÊNCIA À SAÚDE,35923908.51
2,2025,2025-04-01,342203,EVENTOS/SINISTROS CONHECIDOS OU AVISADOS DE ASSISTÊNCIA À SAÚDE,9092848.92
2,2025,2025-04-01,345091,EVENTOS/SINISTROS CONHECIDOS OU AVISADOS DE ASSISTÊNCIA À SAÚDE,32718812.69
2,2025,2025-04-01,345598,EVENTOS/SINISTROS CONHECIDOS OU AVISADOS DE ASSISTÊNCIA À SAÚDE,110126517.71
2,2025,2025-04-01,323942,EVENTOS/SINISTROS CONHECIDOS OU AVISADOS DE ASSISTÊNCIA À SAÚDE,19263224.75
2,2025,2025-04-01,326861,EVENTOS/SINISTROS CONHECIDOS OU AVISADOS DE ASSISTÊNCIA À SAÚDE,146400349.74
2,2025,2025-04-01,329339,EVENTOS/SINISTROS CONHECIDOS OU AVISADOS DE ASSISTÊNCIA À SAÚDE,153285804.7
2,2025,2025-04-01,329886,EVENTOS/SINISTROS CONHECIDOS OU AVISADOS DE ASSISTÊNCIA À SAÚDE,49547746.35
2,2025,2025-04-01,336467,EVENTOS/SINISTROS CONHECIDOS OU AVISADOS DE ASSISTÊNCIA À SAÚDE,7515526.79
2,2025,2025-04-01,345709,EVENTOS/SINISTROS CONHECIDOS OU AVISADOS DE ASSISTÊNCIA À SAÚDE,61214651.24
2,2025,2025-04-01,343463,EVENTOS/SINISTROS CONHECIDOS OU AVISADOS DE ASSISTÊNCIA À SAÚDE,37181237.16
2,2025,2025-04-01,334561,EVENTOS/SINISTROS CONHECIDOS OU AVISADOS DE ASSISTÊNCIA À SAÚDE,349521578.98
2,2025,2025-04-01,335517,EVENTOS/SINISTROS CONHECIDOS OU AVISADOS DE ASSISTÊNCIA À SAÚDE,38693584.93
2,2025,2025-04-01,339458,EVENTOS/SINISTROS CONHECIDOS OU AVISADOS DE ASSISTÊNCIA À SAÚDE,2267065.13
2,2025,2025-04-01,344397,EVENTOS/SINISTROS CONHECIDOS OU AVISADOS DE ASSISTÊNCIA À SAÚDE,185225966.6
2,2025,2025-04-01,323055,EVENTOS/SINISTROS CONHECIDOS OU AVISADOS DE ASSISTÊNCIA À SAÚDE,29916724.79
2,2025,2025-04-01,324477,EVENTOS/SINISTROS CONHECIDOS OU AVISADOS DE ASSISTÊNCIA À SAÚDE,152005339.33
2,2025,2025-04-01,330116,EVENTOS/SINISTROS CONHECIDOS OU AVISADOS DE ASSISTÊNCIA À SAÚDE,22648049.06
2,2025,2025-04-01,330566,EVENTOS/SINISTROS CONHECIDOS OU AVISADOS DE ASSISTÊNCIA À SAÚDE,57926649.75
2,2025,2025-04-01,331988,EVENTOS/SINISTROS CONHECIDOS OU AVISADOS DE ASSISTÊNCIA À SAÚDE,227075342.85
2,2025,2025-04-01,335100,EVENTOS/SINISTROS CONHECIDOS OU AVISADOS DE ASSISTÊNCIA À SAÚDE,625533665.4
2,2025,2025-04-01,339954,EVENTOS/SINISTROS CONHECIDOS OU AVISADOS DE ASSISTÊNCIA À SAÚDE,325640564.85
2,2025,2025-04-01,341819,EVENTOS/SINISTROS CONHECIDOS OU AVISADOS DE ASSISTÊNCIA À SAÚDE,67110.06
2,2025,2025-04-01,344800,EVENTOS/SINISTROS CONHECIDOS OU AVISADOS DE ASSISTÊNCIA À SAÚDE,155299972.96
2,2025,2025-04-01,344885,EVENTOS/SINISTROS CONHECIDOS OU AVISADOS DE ASSISTÊNCIA À SAÚDE,707023332.62
2,2025,2025-04-01,327557,EVENTOS/SINISTROS CONHECIDOS OU AVISADOS DE ASSISTÊNCIA À SAÚDE,51448361.84
2,2025,2025-04-01,334154,EVENTOS/SINISTROS CONHECIDOS OU AVISADOS DE ASSISTÊNCIA À SAÚDE,41206710.04
2,2025,2025-04-01,335754,EVENTOS/SINISTROS CONHECIDOS OU AVISADOS DE ASSISTÊNCIA À SAÚDE,53608417.99
2,2025,2025-04-01,337374,EVENTOS/SINISTROS CONHECIDOS OU AVISADOS DE ASSISTÊNCIA À SAÚDE,138314804.25
2,2025,2025-04-01,337668,EVENTOS/SINISTROS CONHECIDOS OU AVISADOS DE ASSISTÊNCIA À SAÚDE,271964796.82
2,2025,2025-04-01,342556,EVENTOS/SINISTROS CONHECIDOS OU AVISADOS DE ASSISTÊNCIA À SAÚDE,117721268.91
2,2025,2025-04-01,323268,EVENTOS/SINISTROS CONHECIDOS OU AVISADOS DE ASSISTÊNCIA À SAÚDE,187081426.15
2,2025,2025-04-01,331651,EVENTOS/SINISTROS CONHECIDOS OU AVISADOS DE ASSISTÊNCIA À SAÚDE,40190408.36
2,2025,2025-04-01,333808,EVENTOS/SINISTROS CONHECIDOS OU AVISADOS DE ASSISTÊNCIA À SAÚDE,28199588.17
2,2025,2025-04-01,336858,EVENTOS/SINISTROS CONHECIDOS OU AVISADOS DE ASSISTÊNCIA À SAÚDE,44692594.74
2,2025,2025-04-01,339679,EVENTOS/SINISTROS CONHECIDOS OU AVISADOS DE ASSISTÊNCIA À SAÚDE,3304737499.72
2,2025,2025-04-01,340782,EVENTOS/SINISTROS CONHECIDOS OU AVISADOS DE ASSISTÊNCIA À SAÚDE,372221213.79
2,2025,2025-04-01,342033,EVENTOS/SINISTROS CONHECIDOS OU AVISADOS DE ASSISTÊNCIA À SAÚDE,372411994.92
2,2025,2025-04-01,324159,EVENTOS/SINISTROS CONHECIDOS OU AVISADOS DE ASSISTÊNCIA À SAÚDE,34945901.46
2,2025,2025-04-01,325571,EVENTOS/SINISTROS CONHECIDOS OU AVISADOS DE ASSISTÊNCIA À SAÚDE,505869442.03
2,2025,2025-04-01,331317,EVENTOS/SINISTROS CONHECIDOS OU AVISADOS DE ASSISTÊNCIA À SAÚDE,155560610.11
2,2025,2025-04-01,410624,EVENTOS/SINISTROS CONHECIDOS OU AVISADOS DE ASSISTÊNCIA À SAÚDE,4714189.26
2,2025,2025-04-01,413721,EVENTOS/SINISTROS CONHECIDOS OU AVISADOS DE ASSISTÊNCIA À SAÚDE,15171479.88
2,2025,2025-04-01,414310,EVENTOS/SINISTROS CONHECIDOS OU AVISADOS DE ASSISTÊNCIA À SAÚDE,56282836.62
2,2025,2025-04-01,415774,EVENTOS/SINISTROS CONHECIDOS OU AVISADOS DE ASSISTÊNCIA À SAÚDE,79343294.55
2,2025,2025-04-01,418137,EVENTOS/SINISTROS CONHECIDOS OU AVISADOS DE ASSISTÊNCIA À SAÚDE,12479056.43
2,2025,2025-04-01,370592,EVENTOS/SINISTROS CONHECIDOS OU AVISADOS DE ASSISTÊNCIA À SAÚDE,8402134.77
2,2025,2025-04-01,379280,EVENTOS/SINISTROS CONHECIDOS OU AVISADOS DE ASSISTÊNCIA À SAÚDE,104809061.9
2,2025,2025-04-01,380661,EVENTOS/SINISTROS CONHECIDOS OU AVISADOS DE ASSISTÊNCIA À SAÚDE,178500146.92
2,2025,2025-04-01,386901,EVENTOS/SINISTROS CONHECIDOS OU AVISADOS DE ASSISTÊNCIA À SAÚDE,15589507.63
2,2025,2025-04-01,406937,EVENTOS/SINISTROS CONHECIDOS OU AVISADOS DE ASSISTÊNCIA À SAÚDE,10609459.19
2,2025,2025-04-01,409286,EVENTOS/SINISTROS CONHECIDOS OU AVISADOS DE ASSISTÊNCIA À SAÚDE,224012.48
2,2025,2025-04-01,413160,EVENTOS/SINISTROS CONHECIDOS OU AVISADOS DE ASSISTÊNCIA À SAÚDE,23560167.24
2,2025,2025-04-01,413283,EVENTOS/SINISTROS CONHECIDOS OU AVISADOS DE ASSISTÊNCIA À SAÚDE,2194354.16
2,2025,2025-04-01,418374,EVENTOS/SINISTROS CONHECIDOS OU AVISADOS DE ASSISTÊNCIA À SAÚDE,42071705.1
2,2025,2025-04-01,417220,EVENTOS/SINISTROS CONHECIDOS OU AVISADOS DE ASSISTÊNCIA À SAÚDE,1272682.85
2,2025,2025-04-01,371629,EVENTOS/SINISTROS CONHECIDOS OU AVISADOS DE ASSISTÊNCIA À SAÚDE,91744685.81
2,2025,2025-04-01,372561,EVENTOS/SINISTROS CONHECIDOS OU AVISADOS DE ASSISTÊNCIA À SAÚDE,39950615.53
2,2025,2025-04-01,378216,EVENTOS/SINISTROS CONHECIDOS OU AVISADOS DE ASSISTÊNCIA À SAÚDE,29927659.67
2,2025,2025-04-01,382639,EVENTOS/SINISTROS CONHECIDOS OU AVISADOS DE ASSISTÊNCIA À SAÚDE,1060725.2
2,2025,2025-04-01,397245,EVENTOS/SINISTROS CONHECIDOS OU AVISADOS DE ASSISTÊNCIA À SAÚDE,550186.44
2,2025,2025-04-01,402001,EVENTOS/SINISTROS CONHECIDOS OU AVISADOS DE ASSISTÊNCIA À SAÚDE,5312387.4
2,2025,2025-04-01,354562,EVENTOS/SINISTROS CONHECIDOS OU AVISADOS DE ASSISTÊNCIA À SAÚDE,97105709.0
2,2025,2025-04-01,358088,EVENTOS/SINISTROS CONHECIDOS OU AVISADOS DE ASSISTÊNCIA À SAÚDE,117877214.65
2,2025,2025-04-01,359122,EVENTOS/SINISTROS CONHECIDOS OU AVISADOS DE ASSISTÊNCIA À SAÚDE,47848243.98
2,2025,2025-04-01,361569,EVENTOS/SINISTROS CONHECIDOS OU AVISADOS DE ASSISTÊNCIA À SAÚDE,7197679.19
2,2025,2025-04-01,362832,EVENTOS/SINISTROS CONHECIDOS OU AVISADOS DE ASSISTÊNCIA À SAÚDE,16365748.41
2,2025,2025-04-01,368920,EVENTOS/SINISTROS CONHECIDOS OU AVISADOS DE ASSISTÊNCIA À SAÚDE,43010296.41
2,2025,2025-04-01,363189,EVENTOS/SINISTROS CONHECIDOS OU AVISADOS DE ASSISTÊNCIA À SAÚDE,4933460.9
2,2025,2025-04-01,363391,EVENTOS/SINISTROS CONHECIDOS OU AVISADOS DE ASSISTÊNCIA À SAÚDE,3181410.08
2,2025,2025-04-01,364070,EVENTOS/SINISTROS CONHECIDOS OU AVISADOS DE ASSISTÊNCIA À SAÚDE,14020713.58
2,2025,2025-04-01,351776,EVENTOS/SINISTROS CONHECIDOS OU AVISADOS DE ASSISTÊNCIA À SAÚDE,14805629.3
2,2025,2025-04-01,352543,EVENTOS/SINISTROS CONHECIDOS OU AVISADOS DE ASSISTÊNCIA À SAÚDE,77154862.54
2,2025,2025-04-01,352683,EVENTOS/SINISTROS CONHECIDOS OU AVISADOS DE ASSISTÊNCIA À SAÚDE,124256598.37
2,2025,2025-04-01,353698,EVENTOS/SINISTROS CONHECIDOS OU AVISADOS DE ASSISTÊNCIA À SAÚDE,8954008.33
2,2025,2025-04-01,355151,EVENTOS/SINISTROS CONHECIDOS OU AVISADOS DE ASSISTÊNCIA À SAÚDE,167845128.99
2,2025,2025-04-01,359017,EVENTOS/SINISTROS CONHECIDOS OU AVISADOS DE ASSISTÊNCIA À SAÚDE,5062795081.01
2,2025,2025-04-01,362140,EVENTOS/SINISTROS CONHECIDOS OU AVISADOS DE ASSISTÊNCIA À SAÚDE,44396797.03
2,2025,2025-04-01,350371,EVENTOS/SINISTROS CONHECIDOS OU AVISADOS DE ASSISTÊNCIA À SAÚDE,118770387.36
2,2025,2025-04-01,353060,EVENTOS/SINISTROS CONHECIDOS OU AVISADOS DE ASSISTÊNCIA À SAÚDE,118186066.63
2,2025,2025-04-01,354031,EVENTOS/SINISTROS CONHECIDOS OU AVISADOS DE ASSISTÊNCIA À SAÚDE,251591113.81
2,2025,2025-04-01,354996,EVENTOS/SINISTROS CONHECIDOS OU AVISADOS DE ASSISTÊNCIA À SAÚDE,16257087.25
2,2025,2025-04-01,365785,EVENTOS/SINISTROS CONHECIDOS OU AVISADOS DE ASSISTÊNCIA À SAÚDE,2296386.53
2,2025,2025-04-01,366064,EVENTOS/SINISTROS CONHECIDOS OU AVISADOS DE ASSISTÊNCIA À SAÚDE,34565846.33
2,2025,2025-04-01,366340,EVENTOS/SINISTROS CONHECIDOS OU AVISADOS DE ASSISTÊNCIA À SAÚDE,24641156.05
2,2025,2025-04-01,348520,EVENTOS/SINISTROS CONHECIDOS OU AVISADOS DE ASSISTÊNCIA À SAÚDE,465347099.21
2,2025,2025-04-01,352179,EVENTOS/SINISTROS CONHECIDOS OU AVISADOS DE ASSISTÊNCIA À SAÚDE,40668692.42
2,2025,2025-04-01,352331,EVENTOS/SINISTROS CONHECIDOS OU AVISADOS DE ASSISTÊNCIA À SAÚDE,567666386.65
2,2025,2025-04-01,354279,EVENTOS/SINISTROS CONHECIDOS OU AVISADOS DE ASSISTÊNCIA À SAÚDE,39160279.15
2,2025,2025-04-01,355691,EVENTOS/SINISTROS CONHECIDOS OU AVISADOS DE ASSISTÊNCIA À SAÚDE,297201598.47
2,2025,2025-04-01,366439,EVENTOS/SINISTROS CONHECIDOS OU AVISADOS DE ASSISTÊNCIA À SAÚDE,9058208.72
2,2025,2025-04-01,366561,EVENTOS/SINISTROS CONHECIDOS OU AVISADOS DE ASSISTÊNCIA À SAÚDE,154562373.76
2,2025,2025-04-01,356417,EVENTOS/SINISTROS CONHECIDOS OU AVISADOS DE ASSISTÊNCIA À SAÚDE,210196123.96
2,2025,2025-04-01,356476,EVENTOS/SINISTROS CONHECIDOS OU AVISADOS DE ASSISTÊNCIA À SAÚDE,63809890.29
2,2025,2025-04-01,348180,EVENTOS/SINISTROS CONHECIDOS OU AVISADOS DE ASSISTÊNCIA À SAÚDE,189096810.99
2,2025,2025-04-01,315478,EVENTOS/SINISTROS CONHECIDOS OU AVISADOS DE ASSISTÊNCIA À SAÚDE,790771376.42
2,2025,2025-04-01,321338,EVENTOS/SINISTROS CONHECIDOS OU AVISADOS DE ASSISTÊNCIA À SAÚDE,534454.41
2,2025,2025-04-01,321931,EVENTOS/SINISTROS CONHECIDOS OU AVISADOS DE ASSISTÊNCIA À SAÚDE,21805806.89
2,2025,2025-04-01,317233,EVENTOS/SINISTROS CONHECIDOS OU AVISADOS DE ASSISTÊNCIA À SAÚDE,160435251.34
2,2025,2025-04-01,317632,EVENTOS/SINISTROS CONHECIDOS OU AVISADOS DE ASSISTÊNCIA À SAÚDE,165824781.74
2,2025,2025-04-01,304883,EVENTOS/SINISTROS CONHECIDOS OU AVISADOS DE ASSISTÊNCIA À SAÚDE,126635343.81
2,2025,2025-04-01,311375,EVENTOS/SINISTROS CONHECIDOS OU AVISADOS DE ASSISTÊNCIA À SAÚDE,102516315.81
2,2025,2025-04-01,311961,EVENTOS/SINISTROS CONHECIDOS OU AVISADOS DE ASSISTÊNCIA À SAÚDE,59137476.13
2,2025,2025-04-01,313211,EVENTOS/SINISTROS CONHECIDOS OU AVISADOS DE ASSISTÊNCIA À SAÚDE,65770532.29
2,2025,2025-04-01,314099,EVENTOS/SINISTROS CONHECIDOS OU AVISADOS DE ASSISTÊNCIA À SAÚDE,105629481.5
2,2025,2025-04-01,315796,EVENTOS/SINISTROS CONHECIDOS OU AVISADOS DE ASSISTÊNCIA À SAÚDE,225788814.34
2,2025,2025-04-01,316849,EVENTOS/SINISTROS CONHECIDOS OU AVISADOS DE ASSISTÊNCIA À SAÚDE,3525658.57
2,2025,2025-04-01,317896,EVENTOS/SINISTROS CONHECIDOS OU AVISADOS DE ASSISTÊNCIA À SAÚDE,18280450.16
2,2025,2025-04-01,318035,EVENTOS/SINISTROS CONHECIDOS OU AVISADOS DE ASSISTÊNCIA À SAÚDE,26544052.63
2,2025,2025-04-01,320706,EVENTOS/SINISTROS CONHECIDOS OU AVISADOS DE ASSISTÊNCIA À SAÚDE,204139864.28
2,2025,2025-04-01,000515,EVENTOS/SINISTROS CONHECIDOS OU AVISADOS DE ASSISTÊNCIA À SAÚDE,15172665.78
2,2025,2025-04-01,301060,EVENTOS/SINISTROS CONHECIDOS OU AVISADOS DE ASSISTÊNCIA À SAÚDE,28924514.47
2,2025,2025-04-01,301574,EVENTOS/SINISTROS CONHECIDOS OU AVISADOS DE ASSISTÊNCIA À SAÚDE,113310770.14
2,2025,2025-04-01,353264,EVENTOS/SINISTROS CONHECIDOS OU AVISADOS DE ASSISTÊNCIA À SAÚDE,12353684.66
2,2025,2025-04-01,354066,EVENTOS/SINISTROS CONHECIDOS OU AVISADOS DE ASSISTÊNCIA À SAÚDE,185649527.72
2,2025,2025-04-01,354627,EVENTOS/SINISTROS CONHECIDOS OU AVISADOS DE ASSISTÊNCIA À SAÚDE,24401455.1
2,2025,2025-04-01,369292,EVENTOS/SINISTROS CONHECIDOS OU AVISADOS DE ASSISTÊNCIA À SAÚDE,185168791.15
2,2025,2025-04-01,369411,EVENTOS/SINISTROS CONHECIDOS OU AVISADOS DE ASSISTÊNCIA À SAÚDE,77306409.15
2,2025,2025-04-01,346926,EVENTOS/SINISTROS CONHECIDOS OU AVISADOS DE ASSISTÊNCIA À SAÚDE,688128383.32
2,2025,2025-04-01,348082,EVENTOS/SINISTROS CONHECIDOS OU AVISADOS DE ASSISTÊNCIA À SAÚDE,132238191.42
2,2025,2025-04-01,348244,EVENTOS/SINISTROS CONHECIDOS OU AVISADOS DE ASSISTÊNCIA À SAÚDE,45984349.87
2,2025,2025-04-01,348830,EVENTOS/SINISTROS CONHECIDOS OU AVISADOS DE ASSISTÊNCIA À SAÚDE,112414901.16
2,2025,2025-04-01,355593,EVENTOS/SINISTROS CONHECIDOS OU AVISADOS DE ASSISTÊNCIA À SAÚDE,24287973.29
2,2025,2025-04-01,357511,EVENTOS/SINISTROS CONHECIDOS OU AVISADOS DE ASSISTÊNCIA À SAÚDE,496275340.67
2,2025,2025-04-01,345776,EVENTOS/SINISTROS CONHECIDOS OU AVISADOS DE ASSISTÊNCIA À SAÚDE,28968019.92
2,2025,2025-04-01,347507,EVENTOS/SINISTROS CONHECIDOS OU AVISADOS DE ASSISTÊNCIA À SAÚDE,103490482.28
2,2025,2025-04-01,350141,EVENTOS/SINISTROS CONHECIDOS OU AVISADOS DE ASSISTÊNCIA À SAÚDE,126791271.29
2,2025,2025-04-01,350648,EVENTOS/SINISTROS CONHECIDOS OU AVISADOS DE ASSISTÊNCIA À SAÚDE,16567798.55
2,2025,2025-04-01,350770,EVENTOS/SINISTROS CONHECIDOS OU AVISADOS DE ASSISTÊNCIA À SAÚDE,2290644.32
2,2025,2025-04-01,336106,EVENTOS/SINISTROS CONHECIDOS OU AVISADOS DE ASSISTÊNCIA À SAÚDE,169844921.23
2,2025,2025-04-01,337871,EVENTOS/SINISTROS CONHECIDOS OU AVISADOS DE ASSISTÊNCIA À SAÚDE,96510973.56
2,2025,2025-04-01,340952,EVENTOS/SINISTROS CONHECIDOS OU AVISADOS DE ASSISTÊNCIA À SAÚDE,216050365.04
2,2025,2025-04-01,342084,EVENTOS/SINISTROS CONHECIDOS OU AVISADOS DE ASSISTÊNCIA À SAÚDE,655112217.56
2,2025,2025-04-01,342386,EVENTOS/SINISTROS CONHECIDOS OU AVISADOS DE ASSISTÊNCIA À SAÚDE,17602976.06
2,2025,2025-04-01,342807,EVENTOS/SINISTROS CONHECIDOS OU AVISADOS DE ASSISTÊNCIA À SAÚDE,81237850.97
2,2025,2025-04-01,323926,EVENTOS/SINISTROS CONHECIDOS OU AVISADOS DE ASSISTÊNCIA À SAÚDE,44377060.28
2,2025,2025-04-01,324361,EVENTOS/SINISTROS CONHECIDOS OU AVISADOS DE ASSISTÊNCIA À SAÚDE,122752855.64
2,2025,2025-04-01,326755,EVENTOS/SINISTROS CONHECIDOS OU AVISADOS DE ASSISTÊNCIA À SAÚDE,96544611.2
2,2025,2025-04-01,327689,EVENTOS/SINISTROS CONHECIDOS OU AVISADOS DE ASSISTÊNCIA À SAÚDE,509112084.7
2,2025,2025-04-01,329665,EVENTOS/SINISTROS CONHECIDOS OU AVISADOS DE ASSISTÊNCIA À SAÚDE,13281003.05
2,2025,2025-04-01,335215,EVENTOS/SINISTROS CONHECIDOS OU AVISADOS DE ASSISTÊNCIA À SAÚDE,67633815.38
2,2025,2025-04-01,335657,EVENTOS/SINISTROS CONHECIDOS OU AVISADOS DE ASSISTÊNCIA À SAÚDE,14176250.07
2,2025,2025-04-01,338346,EVENTOS/SINISTROS CONHECIDOS OU AVISADOS DE ASSISTÊNCIA À SAÚDE,38168483.63
2,2025,2025-04-01,340162,EVENTOS/SINISTROS CONHECIDOS OU AVISADOS DE ASSISTÊNCIA À SAÚDE,2665476.97
2,2025,2025-04-01,342157,EVENTOS/SINISTROS CONHECIDOS OU AVISADOS DE ASSISTÊNCIA À SAÚDE,6483804.97
2,2025,2025-04-01,342611,EVENTOS/SINISTROS CONHECIDOS OU AVISADOS DE ASSISTÊNCIA À SAÚDE,58354043.2
2,2025,2025-04-01,322831,EVENTOS/SINISTROS CONHECIDOS OU AVISADOS DE ASSISTÊNCIA À SAÚDE,46007492.25
2,2025,2025-04-01,322890,EVENTOS/SINISTROS CONHECIDOS OU AVISADOS DE ASSISTÊNCIA À SAÚDE,2524527.3
2,2025,2025-04-01,324213,EVENTOS/SINISTROS CONHECIDOS OU AVISADOS DE ASSISTÊNCIA À SAÚDE,1751471.82
2,2025,2025-04-01,324566,EVENTOS/SINISTROS CONHECIDOS OU AVISADOS DE ASSISTÊNCIA À SAÚDE,39940943.14
2,2025,2025-04-01,326305,EVENTOS/SINISTROS CONHECIDOS OU AVISADOS DE ASSISTÊNCIA À SAÚDE,10648868373.28
2,2025,2025-04-01,327352,EVENTOS/SINISTROS CONHECIDOS OU AVISADOS DE ASSISTÊNCIA À SAÚDE,13549024.71
2,2025,2025-04-01,327468,EVENTOS/SINISTROS CONHECIDOS OU AVISADOS DE ASSISTÊNCIA À SAÚDE,11558021.93
2,2025,2025-04-01,328308,EVENTOS/SINISTROS CONHECIDOS OU AVISADOS DE ASSISTÊNCIA À SAÚDE,21472936.56
2,2025,2025-04-01,422371,EVENTOS/SINISTROS CONHECIDOS OU AVISADOS DE ASSISTÊNCIA À SAÚDE,14795592.38
2,2025,2025-04-01,422631,EVENTOS/SINISTROS CONHECIDOS OU AVISADOS DE ASSISTÊNCIA À SAÚDE,43188352.46
2,2025,2025-04-01,424188,EVENTOS/SINISTROS CONHECIDOS OU AVISADOS DE ASSISTÊNCIA À SAÚDE,1109176907.13
2,2025,2025-04-01,421197,EVENTOS/SINISTROS CONHECIDOS OU AVISADOS DE ASSISTÊNCIA À SAÚDE,48160374.27
2,2025,2025-04-01,421359,EVENTOS/SINISTROS CONHECIDOS OU AVISADOS DE ASSISTÊNCIA À SAÚDE,7168265.19
2,2025,2025-04-01,422941,EVENTOS/SINISTROS CONHECIDOS OU AVISADOS DE ASSISTÊNCIA À SAÚDE,2840.0
2,2025,2025-04-01,424129,EVENTOS/SINISTROS CONHECIDOS OU AVISADOS DE ASSISTÊNCIA À SAÚDE,0.0
2,2025,2025-04-01,424161,EVENTOS/SINISTROS CONHECIDOS OU AVISADOS DE ASSISTÊNCIA À SAÚDE,0.0
2,2025,2025-04-01,419591,EVENTOS/SINISTROS CONHECIDOS OU AVISADOS DE ASSISTÊNCIA À SAÚDE,2677654.67
2,2025,2025-04-01,420123,EVENTOS/SINISTROS CONHECIDOS OU AVISADOS DE ASSISTÊNCIA À SAÚDE,4069044.38
2,2025,2025-04-01,421189,EVENTOS/SINISTROS CONHECIDOS OU AVISADOS DE ASSISTÊNCIA À SAÚDE,1748901.99
2,2025,2025-04-01,422339,EVENTOS/SINISTROS CONHECIDOS OU AVISADOS DE ASSISTÊNCIA À SAÚDE,178809143.16
2,2025,2025-04-01,422754,EVENTOS/SINISTROS CONHECIDOS OU AVISADOS DE ASSISTÊNCIA À SAÚDE,572112.86
2,2025,2025-04-01,419150,EVENTOS/SINISTROS CONHECIDOS OU AVISADOS DE ASSISTÊNCIA À SAÚDE,29397837.53
2,2025,2025-04-01,421766,EVENTOS/SINISTROS CONHECIDOS OU AVISADOS DE ASSISTÊNCIA À SAÚDE,35620905.95
2,2025,2025-04-01,422053,EVENTOS/SINISTROS CONHECIDOS OU AVISADOS DE ASSISTÊNCIA À SAÚDE,0.17
2,2025,2025-04-01,423858,EVENTOS/SINISTROS CONHECIDOS OU AVISADOS DE ASSISTÊNCIA À SAÚDE,0.0
2,2025,2025-04-01,424170,EVENTOS/SINISTROS CONHECIDOS OU AVISADOS DE ASSISTÊNCIA À SAÚDE,607225.9
2,2025,2025-04-01,418994,EVENTOS/SINISTROS CONHECIDOS OU AVISADOS DE ASSISTÊNCIA À SAÚDE,306660.48
2,2025,2025-04-01,419427,EVENTOS/SINISTROS CONHECIDOS OU AVISADOS DE ASSISTÊNCIA À SAÚDE,30050750.23
2,2025,2025-04-01,420701,EVENTOS/SINISTROS CONHECIDOS OU AVISADOS DE ASSISTÊNCIA À SAÚDE,16269180.16
2,2025,2025-04-01,420930,EVENTOS/SINISTROS CONHECIDOS OU AVISADOS DE ASSISTÊNCIA À SAÚDE,694498.78
2,2025,2025-04-01,421561,EVENTOS/SINISTROS CONHECIDOS OU AVISADOS DE ASSISTÊNCIA À SAÚDE,416773.42
2,2025,2025-04-01,421715,EVENTOS/SINISTROS CONHECIDOS OU AVISADOS DE ASSISTÊNCIA À SAÚDE,0.0
3,2025,2025-07-01,344800,EVENTOS/SINISTROS CONHECIDOS OU AVISADOS DE ASSISTÊNCIA À SAÚDE,231556201.57
3,2025,2025-07-01,347507,EVENTOS/SINISTROS CONHECIDOS OU AVISADOS DE ASSISTÊNCIA À SAÚDE,163693607.17
3,2025,2025-07-01,347736,EVENTOS/SINISTROS CONHECIDOS OU AVISADOS DE ASSISTÊNCIA À SAÚDE,27450944.49
3,2025,2025-07-01,336831,EVENTOS/SINISTROS CONHECIDOS OU AVISADOS DE ASSISTÊNCIA À SAÚDE,104102318.86
3,2025,2025-07-01,343064,EVENTOS/SINISTROS CONHECIDOS OU AVISADOS DE ASSISTÊNCIA À SAÚDE,65816649.01
3,2025,2025-07-01,343722,EVENTOS/SINISTROS CONHECIDOS OU AVISADOS DE ASSISTÊNCIA À SAÚDE,11213791.16
3,2025,2025-07-01,346276,EVENTOS/SINISTROS CONHECIDOS OU AVISADOS DE ASSISTÊNCIA À SAÚDE,212253335.56
3,2025,2025-07-01,327557,EVENTOS/SINISTROS CONHECIDOS OU AVISADOS DE ASSISTÊNCIA À SAÚDE,78628047.46
3,2025,2025-07-01,331651,EVENTOS/SINISTROS CONHECIDOS OU AVISADOS DE ASSISTÊNCIA À SAÚDE,61512994.77
3,2025,2025-07-01,337561,EVENTOS/SINISTROS CONHECIDOS OU AVISADOS DE ASSISTÊNCIA À SAÚDE,12939054.23
3,2025,2025-07-01,340251,EVENTOS/SINISTROS CONHECIDOS OU AVISADOS DE ASSISTÊNCIA À SAÚDE,53684980.25
3,2025,2025-07-01,342955,EVENTOS/SINISTROS CONHECIDOS OU AVISADOS DE ASSISTÊNCIA À SAÚDE,3010870.58
3,2025,2025-07-01,343676,EVENTOS/SINISTROS CONHECIDOS OU AVISADOS DE ASSISTÊNCIA À SAÚDE,46430248.86
3,2025,2025-07-01,344141,EVENTOS/SINISTROS CONHECIDOS OU AVISADOS DE ASSISTÊNCIA À SAÚDE,3046565.5
3,2025,2025-07-01,345776,EVENTOS/SINISTROS CONHECIDOS OU AVISADOS DE ASSISTÊNCIA À SAÚDE,42649703.29
3,2025,2025-07-01,346926,EVENTOS/SINISTROS CONHECIDOS OU AVISADOS DE ASSISTÊNCIA À SAÚDE,1011282161.9
3,2025,2025-07-01,348295,EVENTOS/SINISTROS CONHECIDOS OU AVISADOS DE ASSISTÊNCIA À SAÚDE,861547310.71
3,2025,2025-07-01,325571,EVENTOS/SINISTROS CONHECIDOS OU AVISADOS DE ASSISTÊNCIA À SAÚDE,789323301.29
3,2025,2025-07-01,328308,EVENTOS/SINISTROS CONHECIDOS OU AVISADOS DE ASSISTÊNCIA À SAÚDE,34040444.13
3,2025,2025-07-01,329665,EVENTOS/SINISTROS CONHECIDOS OU AVISADOS DE ASSISTÊNCIA À SAÚDE,25265438.79
3,2025,2025-07-01,333689,EVENTOS/SINISTROS CONHECIDOS OU AVISADOS DE ASSISTÊNCIA À SAÚDE,0.0
3,2025,2025-07-01,334511,EVENTOS/SINISTROS CONHECIDOS OU AVISADOS DE ASSISTÊNCIA À SAÚDE,0.0
3,2025,2025-07-01,334847,EVENTOS/SINISTROS CONHECIDOS OU AVISADOS DE ASSISTÊNCIA À SAÚDE,13466931.58
3,2025,2025-07-01,348082,EVENTOS/SINISTROS CONHECIDOS OU AVISADOS DE ASSISTÊNCIA À SAÚDE,201679502.49
3,2025,2025-07-01,348244,EVENTOS/SINISTROS CONHECIDOS OU AVISADOS DE ASSISTÊNCIA À SAÚDE,72358445.14
3,2025,2025-07-01,335479,EVENTOS/SINISTROS CONHECIDOS OU AVISADOS DE ASSISTÊNCIA À SAÚDE,300081627.88
3,2025,2025-07-01,338648,EVENTOS/SINISTROS CONHECIDOS OU AVISADOS DE ASSISTÊNCIA À SAÚDE,135486249.17
3,2025,2025-07-01,343269,EVENTOS/SINISTROS CONHECIDOS OU AVISADOS DE ASSISTÊNCIA À SAÚDE,775312426.09
3,2025,2025-07-01,344397,EVENTOS/SINISTROS CONHECIDOS OU AVISADOS DE ASSISTÊNCIA À SAÚDE,272985391.74
3,2025,2025-07-01,345318,EVENTOS/SINISTROS CONHECIDOS OU AVISADOS DE ASSISTÊNCIA À SAÚDE,14593210.32
3,2025,2025-07-01,324566,EVENTOS/SINISTROS CONHECIDOS OU AVISADOS DE ASSISTÊNCIA À SAÚDE,59666168.11
3,2025,2025-07-01,326755,EVENTOS/SINISTROS CONHECIDOS OU AVISADOS DE ASSISTÊNCIA À SAÚDE,152296303.97
3,2025,2025-07-01,328537,EVENTOS/SINISTROS CONHECIDOS OU AVISADOS DE ASSISTÊNCIA À SAÚDE,118775576.22
3,2025,2025-07-01,330108,EVENTOS/SINISTROS CONHECIDOS OU AVISADOS DE ASSISTÊNCIA À SAÚDE,84832887.11
3,2025,2025-07-01,330281,EVENTOS/SINISTROS CONHECIDOS OU AVISADOS DE ASSISTÊNCIA À SAÚDE,35900187.15
3,2025,2025-07-01,341941,EVENTOS/SINISTROS CONHECIDOS OU AVISADOS DE ASSISTÊNCIA À SAÚDE,12431662.06
3,2025,2025-07-01,343056,EVENTOS/SINISTROS CONHECIDOS OU AVISADOS DE ASSISTÊNCIA À SAÚDE,3296305.41
3,2025,2025-07-01,344885,EVENTOS/SINISTROS CONHECIDOS OU AVISADOS DE ASSISTÊNCIA À SAÚDE,1102617232.11
3,2025,2025-07-01,326305,EVENTOS/SINISTROS CONHECIDOS OU AVISADOS DE ASSISTÊNCIA À SAÚDE,16418043215.48
3,2025,2025-07-01,327352,EVENTOS/SINISTROS CONHECIDOS OU AVISADOS DE ASSISTÊNCIA À SAÚDE,21584701.13
3,2025,2025-07-01,327468,EVENTOS/SINISTROS CONHECIDOS OU AVISADOS DE ASSISTÊNCIA À SAÚDE,18961913.95
3,2025,2025-07-01,327689,EVENTOS/SINISTROS CONHECIDOS OU AVISADOS DE ASSISTÊNCIA À SAÚDE,770166586.15
3,2025,2025-07-01,331104,EVENTOS/SINISTROS CONHECIDOS OU AVISADOS DE ASSISTÊNCIA À SAÚDE,2120038.03
3,2025,2025-07-01,335541,EVENTOS/SINISTROS CONHECIDOS OU AVISADOS DE ASSISTÊNCIA À SAÚDE,45316291.59
3,2025,2025-07-01,336017,EVENTOS/SINISTROS CONHECIDOS OU AVISADOS DE ASSISTÊNCIA À SAÚDE,3141565.89
3,2025,2025-07-01,337188,EVENTOS/SINISTROS CONHECIDOS OU AVISADOS DE ASSISTÊNCIA À SAÚDE,222084486.45
3,2025,2025-07-01,342084,EVENTOS/SINISTROS CONHECIDOS OU AVISADOS DE ASSISTÊNCIA À SAÚDE,990733119.52
3,2025,2025-07-01,342157,EVENTOS/SINISTROS CONHECIDOS OU AVISADOS DE ASSISTÊNCIA À SAÚDE,10189904.64
3,2025,2025-07-01,342611,EVENTOS/SINISTROS CONHECIDOS OU AVISADOS DE ASSISTÊNCIA À SAÚDE,95621588.49
3,2025,2025-07-01,343463,EVENTOS/SINISTROS CONHECIDOS OU AVISADOS DE ASSISTÊNCIA À SAÚDE,58320756.5
3,2025,2025-07-01,343765,EVENTOS/SINISTROS CONHECIDOS OU AVISADOS DE ASSISTÊNCIA À SAÚDE,21810597.0
3,2025,2025-07-01,357391,EVENTOS/SINISTROS CONHECIDOS OU AVISADOS DE ASSISTÊNCIA À SAÚDE,1452171851.5
3,2025,2025-07-01,360783,EVENTOS/SINISTROS CONHECIDOS OU AVISADOS DE ASSISTÊNCIA À SAÚDE,10091479.91
3,2025,2025-07-01,361461,EVENTOS/SINISTROS CONHECIDOS OU AVISADOS DE ASSISTÊNCIA À SAÚDE,59969713.65
3,2025,2025-07-01,361615,EVENTOS/SINISTROS CONHECIDOS OU AVISADOS DE ASSISTÊNCIA À SAÚDE,81919830.54
3,2025,2025-07-01,362140,EVENTOS/SINISTROS CONHECIDOS OU AVISADOS DE ASSISTÊNCIA À SAÚDE,68025380.83
3,2025,2025-07-01,364312,EVENTOS/SINISTROS CONHECIDOS OU AVISADOS DE ASSISTÊNCIA À SAÚDE,260555642.34
3,2025,2025-07-01,366064,EVENTOS/SINISTROS CONHECIDOS OU AVISADOS DE ASSISTÊNCIA À SAÚDE,53637888.55
3,2025,2025-07-01,369292,EVENTOS/SINISTROS CONHECIDOS OU AVISADOS DE ASSISTÊNCIA À SAÚDE,280885954.4
3,2025,2025-07-01,370070,EVENTOS/SINISTROS CONHECIDOS OU AVISADOS DE ASSISTÊNCIA À SAÚDE,387539323.21
3,2025,2025-07-01,370568,EVENTOS/SINISTROS CONHECIDOS OU AVISADOS DE ASSISTÊNCIA À SAÚDE,6019417.65
3,2025,2025-07-01,350141,EVENTOS/SINISTROS CONHECIDOS OU AVISADOS DE ASSISTÊNCIA À SAÚDE,192062951.41
3,2025,2025-07-01,350648,EVENTOS/SINISTROS CONHECIDOS OU AVISADOS DE ASSISTÊNCIA À SAÚDE,25980813.33
3,2025,2025-07-01,355577,EVENTOS/SINISTROS CONHECIDOS OU AVISADOS DE ASSISTÊNCIA À SAÚDE,53443394.47
3,2025,2025-07-01,356123,EVENTOS/SINISTROS CONHECIDOS OU AVISADOS DE ASSISTÊNCIA À SAÚDE,119835003.0
3,2025,2025-07-01,357669,EVENTOS/SINISTROS CONHECIDOS OU AVISADOS DE ASSISTÊNCIA À SAÚDE,14687550.55
3,2025,2025-07-01,367613,EVENTOS/SINISTROS CONHECIDOS OU AVISADOS DE ASSISTÊNCIA À SAÚDE,6902110.24
3,2025,2025-07-01,418170,EVENTOS/SINISTROS CONHECIDOS OU AVISADOS DE ASSISTÊNCIA À SAÚDE,266777324.86
3,2025,2025-07-01,418374,EVENTOS/SINISTROS CONHECIDOS OU AVISADOS DE ASSISTÊNCIA À SAÚDE,68761111.35
3,2025,2025-07-01,419257,EVENTOS/SINISTROS CONHECIDOS OU AVISADOS DE ASSISTÊNCIA À SAÚDE,0.0
3,2025,2025-07-01,379956,EVENTOS/SINISTROS CONHECIDOS OU AVISADOS DE ASSISTÊNCIA À SAÚDE,1537758381.34
3,2025,2025-07-01,382540,EVENTOS/SINISTROS CONHECIDOS OU AVISADOS DE ASSISTÊNCIA À SAÚDE,80168194.84
3,2025,2025-07-01,386596,EVENTOS/SINISTROS CONHECIDOS OU AVISADOS DE ASSISTÊNCIA À SAÚDE,84249991.89
3,2025,2025-07-01,397245,EVENTOS/SINISTROS CONHECIDOS OU AVISADOS DE ASSISTÊNCIA À SAÚDE,846374.28
3,2025,2025-07-01,402001,EVENTOS/SINISTROS CONHECIDOS OU AVISADOS DE ASSISTÊNCIA À SAÚDE,8097772.92
3,2025,2025-07-01,410624,EVENTOS/SINISTROS CONHECIDOS OU AVISADOS DE ASSISTÊNCIA À SAÚDE,7546069.79
3,2025,2025-07-01,412252,EVENTOS/SINISTROS CONHECIDOS OU AVISADOS DE ASSISTÊNCIA À SAÚDE,20216516.04
3,2025,2025-07-01,414654,EVENTOS/SINISTROS CONHECIDOS OU AVISADOS DE ASSISTÊNCIA À SAÚDE,4655676.76
3,2025,2025-07-01,414905,EVENTOS/SINISTROS CONHECIDOS OU AVISADOS DE ASSISTÊNCIA À SAÚDE,44351599.32
3,2025,2025-07-01,418587,EVENTOS/SINISTROS CONHECIDOS OU AVISADOS DE ASSISTÊNCIA À SAÚDE,50298428.63
3,2025,2025-07-01,418731,EVENTOS/SINISTROS CONHECIDOS OU AVISADOS DE ASSISTÊNCIA À SAÚDE,57416296.71
3,2025,2025-07-01,389358,EVENTOS/SINISTROS CONHECIDOS OU AVISADOS DE ASSISTÊNCIA À SAÚDE,14380560.39
3,2025,2025-07-01,406813,EVENTOS/SINISTROS CONHECIDOS OU AVISADOS DE ASSISTÊNCIA À SAÚDE,3227063.46
3,2025,2025-07-01,407224,EVENTOS/SINISTROS CONHECIDOS OU AVISADOS DE ASSISTÊNCIA À SAÚDE,3844251.33
3,2025,2025-07-01,408093,EVENTOS/SINISTROS CONHECIDOS OU AVISADOS DE ASSISTÊNCIA À SAÚDE,3622650.25
3,2025,2025-07-01,409286,EVENTOS/SINISTROS CONHECIDOS OU AVISADOS DE ASSISTÊNCIA À SAÚDE,352300.01
3,2025,2025-07-01,413372,EVENTOS/SINISTROS CONHECIDOS OU AVISADOS DE ASSISTÊNCIA À SAÚDE,15134008.79
3,2025,2025-07-01,415081,EVENTOS/SINISTROS CONHECIDOS OU AVISADOS DE ASSISTÊNCIA À SAÚDE,2125019.88
3,2025,2025-07-01,417831,EVENTOS/SINISTROS CONHECIDOS OU AVISADOS DE ASSISTÊNCIA À SAÚDE,2828967.18
3,2025,2025-07-01,417947,EVENTOS/SINISTROS CONHECIDOS OU AVISADOS DE ASSISTÊNCIA À SAÚDE,96464981.38
3,2025,2025-07-01,418617,EVENTOS/SINISTROS CONHECIDOS OU AVISADOS DE ASSISTÊNCIA À SAÚDE,31152536.4
3,2025,2025-07-01,411868,EVENTOS/SINISTROS CONHECIDOS OU AVISADOS DE ASSISTÊNCIA À SAÚDE,6387198.15
3,2025,2025-07-01,415774,EVENTOS/SINISTROS CONHECIDOS OU AVISADOS DE ASSISTÊNCIA À SAÚDE,121591175.89
3,2025,2025-07-01,419052,EVENTOS/SINISTROS CONHECIDOS OU AVISADOS DE ASSISTÊNCIA À SAÚDE,43540157.51
3,2025,2025-07-01,402966,EVENTOS/SINISTROS CONHECIDOS OU AVISADOS DE ASSISTÊNCIA À SAÚDE,12520034.92
3,2025,2025-07-01,406554,EVENTOS/SINISTROS CONHECIDOS OU AVISADOS DE ASSISTÊNCIA À SAÚDE,105951020.01
3,2025,2025-07-01,408522,EVENTOS/SINISTROS CONHECIDOS OU AVISADOS DE ASSISTÊNCIA À SAÚDE,924065.36
3,2025,2025-07-01,409413,EVENTOS/SINISTROS CONHECIDOS OU AVISADOS DE ASSISTÊNCIA À SAÚDE,10232817.48
3,2025,2025-07-01,411248,EVENTOS/SINISTROS CONHECIDOS OU AVISADOS DE ASSISTÊNCIA À SAÚDE,4126076.7
3,2025,2025-07-01,412635,EVENTOS/SINISTROS CONHECIDOS OU AVISADOS DE ASSISTÊNCIA À SAÚDE,14444789.29
3,2025,2025-07-01,413518,EVENTOS/SINISTROS CONHECIDOS OU AVISADOS DE ASSISTÊNCIA À SAÚDE,16161921.46
3,2025,2025-07-01,414352,EVENTOS/SINISTROS CONHECIDOS OU AVISADOS DE ASSISTÊNCIA À SAÚDE,100182476.86
3,2025,2025-07-01,414573,EVENTOS/SINISTROS CONHECIDOS OU AVISADOS DE ASSISTÊNCIA À SAÚDE,56811055.22
3,2025,2025-07-01,416568,EVENTOS/SINISTROS CONHECIDOS OU AVISADOS DE ASSISTÊNCIA À SAÚDE,118369509.95
3,2025,2025-07-01,417599,EVENTOS/SINISTROS CONHECIDOS OU AVISADOS DE ASSISTÊNCIA À SAÚDE,70729735.85
3,2025,2025-07-01,418749,EVENTOS/SINISTROS CONHECIDOS OU AVISADOS DE ASSISTÊNCIA À SAÚDE,4734673.45
3,2025,2025-07-01,419028,EVENTOS/SINISTROS CONHECIDOS OU AVISADOS DE ASSISTÊNCIA À SAÚDE,2387919.85
3,2025,2025-07-01,379280,EVENTOS/SINISTROS CONHECIDOS OU AVISADOS DE ASSISTÊNCIA À SAÚDE,161787640.95
3,2025,2025-07-01,407534,EVENTOS/SINISTROS CONHECIDOS OU AVISADOS DE ASSISTÊNCIA À SAÚDE,2185989.11
3,2025,2025-07-01,408263,EVENTOS/SINISTROS CONHECIDOS OU AVISADOS DE ASSISTÊNCIA À SAÚDE,7830982.2
3,2025,2025-07-01,409405,EVENTOS/SINISTROS CONHECIDOS OU AVISADOS DE ASSISTÊNCIA À SAÚDE,2424937.36
3,2025,2025-07-01,410888,EVENTOS/SINISTROS CONHECIDOS OU AVISADOS DE ASSISTÊNCIA À SAÚDE,23298848.13
3,2025,2025-07-01,412295,EVENTOS/SINISTROS CONHECIDOS OU AVISADOS DE ASSISTÊNCIA À SAÚDE,47711939.97
3,2025,2025-07-01,413429,EVENTOS/SINISTROS CONHECIDOS OU AVISADOS DE ASSISTÊNCIA À SAÚDE,14617429.69
3,2025,2025-07-01,417106,EVENTOS/SINISTROS CONHECIDOS OU AVISADOS DE ASSISTÊNCIA À SAÚDE,1845486.19
3,2025,2025-07-01,417491,EVENTOS/SINISTROS CONHECIDOS OU AVISADOS DE ASSISTÊNCIA À SAÚDE,8799067.4
3,2025,2025-07-01,418072,EVENTOS/SINISTROS CONHECIDOS OU AVISADOS DE ASSISTÊNCIA À SAÚDE,-125685.95
3,2025,2025-07-01,418218,EVENTOS/SINISTROS CONHECIDOS OU AVISADOS DE ASSISTÊNCIA À SAÚDE,3465242.42
3,2025,2025-07-01,418501,EVENTOS/SINISTROS CONHECIDOS OU AVISADOS DE ASSISTÊNCIA À SAÚDE,9406814.47
3,2025,2025-07-01,380661,EVENTOS/SINISTROS CONHECIDOS OU AVISADOS DE ASSISTÊNCIA À SAÚDE,241269372.4
3,2025,2025-07-01,382639,EVENTOS/SINISTROS CONHECIDOS OU AVISADOS DE ASSISTÊNCIA À SAÚDE,1793692.4
3,2025,2025-07-01,386901,EVENTOS/SINISTROS CONHECIDOS OU AVISADOS DE ASSISTÊNCIA À SAÚDE,26768761.86
3,2025,2025-07-01,389854,EVENTOS/SINISTROS CONHECIDOS OU AVISADOS DE ASSISTÊNCIA À SAÚDE,9737580.56
3,2025,2025-07-01,401081,EVENTOS/SINISTROS CONHECIDOS OU AVISADOS DE ASSISTÊNCIA À SAÚDE,82487803.84
3,2025,2025-07-01,410128,EVENTOS/SINISTROS CONHECIDOS OU AVISADOS DE ASSISTÊNCIA À SAÚDE,32308231.05
3,2025,2025-07-01,413267,EVENTOS/SINISTROS CONHECIDOS OU AVISADOS DE ASSISTÊNCIA À SAÚDE,1857290.14
3,2025,2025-07-01,413747,EVENTOS/SINISTROS CONHECIDOS OU AVISADOS DE ASSISTÊNCIA À SAÚDE,3003964.17
3,2025,2025-07-01,414930,EVENTOS/SINISTROS CONHECIDOS OU AVISADOS DE ASSISTÊNCIA À SAÚDE,75756777.59
3,2025,2025-07-01,415987,EVENTOS/SINISTROS CONHECIDOS OU AVISADOS DE ASSISTÊNCIA À SAÚDE,3871441.74
3,2025,2025-07-01,417220,EVENTOS/SINISTROS CONHECIDOS OU AVISADOS DE ASSISTÊNCIA À SAÚDE,2024987.29
3,2025,2025-07-01,418285,EVENTOS/SINISTROS CONHECIDOS OU AVISADOS DE ASSISTÊNCIA À SAÚDE,0.0
3,2025,2025-07-01,385620,EVENTOS/SINISTROS CONHECIDOS OU AVISADOS DE ASSISTÊNCIA À SAÚDE,33197509.54
3,2025,2025-07-01,388092,EVENTOS/SINISTROS CONHECIDOS OU AVISADOS DE ASSISTÊNCIA À SAÚDE,9574322.28
3,2025,2025-07-01,395480,EVENTOS/SINISTROS CONHECIDOS OU AVISADOS DE ASSISTÊNCIA À SAÚDE,55774607.38
3,2025,2025-07-01,412058,EVENTOS/SINISTROS CONHECIDOS OU AVISADOS DE ASSISTÊNCIA À SAÚDE,23323192.22
3,2025,2025-07-01,413330,EVENTOS/SINISTROS CONHECIDOS OU AVISADOS DE ASSISTÊNCIA À SAÚDE,28594271.4
3,2025,2025-07-01,413534,EVENTOS/SINISTROS CONHECIDOS OU AVISADOS DE ASSISTÊNCIA À SAÚDE,689305593.17
3,2025,2025-07-01,414581,EVENTOS/SINISTROS CONHECIDOS OU AVISADOS DE ASSISTÊNCIA À SAÚDE,147539435.38
3,2025,2025-07-01,415910,EVENTOS/SINISTROS CONHECIDOS OU AVISADOS DE ASSISTÊNCIA À SAÚDE,1855479.94
3,2025,2025-07-01,415944,EVENTOS/SINISTROS CONHECIDOS OU AVISADOS DE ASSISTÊNCIA À SAÚDE,112777.11
3,2025,2025-07-01,417297,EVENTOS/SINISTROS CONHECIDOS OU AVISADOS DE ASSISTÊNCIA À SAÚDE,72400052.19
3,2025,2025-07-01,418994,EVENTOS/SINISTROS CONHECIDOS OU AVISADOS DE ASSISTÊNCIA À SAÚDE,478543.31
3,2025,2025-07-01,419150,EVENTOS/SINISTROS CONHECIDOS OU AVISADOS DE ASSISTÊNCIA À SAÚDE,49385780.12
3,2025,2025-07-01,382281,EVENTOS/SINISTROS CONHECIDOS OU AVISADOS DE ASSISTÊNCIA À SAÚDE,3222191.76
3,2025,2025-07-01,407011,EVENTOS/SINISTROS CONHECIDOS OU AVISADOS DE ASSISTÊNCIA À SAÚDE,2607537.21
3,2025,2025-07-01,409243,EVENTOS/SINISTROS CONHECIDOS OU AVISADOS DE ASSISTÊNCIA À SAÚDE,136296435.78
3,2025,2025-07-01,410608,EVENTOS/SINISTROS CONHECIDOS OU AVISADOS DE ASSISTÊNCIA À SAÚDE,11289788.36
3,2025,2025-07-01,415626,EVENTOS/SINISTROS CONHECIDOS OU AVISADOS DE ASSISTÊNCIA À SAÚDE,19783688.78
3,2025,2025-07-01,416410,EVENTOS/SINISTROS CONHECIDOS OU AVISADOS DE ASSISTÊNCIA À SAÚDE,56469.49
3,2025,2025-07-01,417475,EVENTOS/SINISTROS CONHECIDOS OU AVISADOS DE ASSISTÊNCIA À SAÚDE,6854686.62
3,2025,2025-07-01,417815,EVENTOS/SINISTROS CONHECIDOS OU AVISADOS DE ASSISTÊNCIA À SAÚDE,50540759.33
3,2025,2025-07-01,417840,EVENTOS/SINISTROS CONHECIDOS OU AVISADOS DE ASSISTÊNCIA À SAÚDE,1671197.84
3,2025,2025-07-01,417955,EVENTOS/SINISTROS CONHECIDOS OU AVISADOS DE ASSISTÊNCIA À SAÚDE,53621925.18
3,2025,2025-07-01,419010,EVENTOS/SINISTROS CONHECIDOS OU AVISADOS DE ASSISTÊNCIA À SAÚDE,322209839.4
3,2025,2025-07-01,384577,EVENTOS/SINISTROS CONHECIDOS OU AVISADOS DE ASSISTÊNCIA À SAÚDE,541524671.37
3,2025,2025-07-01,401480,EVENTOS/SINISTROS CONHECIDOS OU AVISADOS DE ASSISTÊNCIA À SAÚDE,17061713.29
3,2025,2025-07-01,406635,EVENTOS/SINISTROS CONHECIDOS OU AVISADOS DE ASSISTÊNCIA À SAÚDE,6070655.75
3,2025,2025-07-01,408794,EVENTOS/SINISTROS CONHECIDOS OU AVISADOS DE ASSISTÊNCIA À SAÚDE,23222907.84
3,2025,2025-07-01,411582,EVENTOS/SINISTROS CONHECIDOS OU AVISADOS DE ASSISTÊNCIA À SAÚDE,43193984.8
3,2025,2025-07-01,416428,EVENTOS/SINISTROS CONHECIDOS OU AVISADOS DE ASSISTÊNCIA À SAÚDE,22331055.37
3,2025,2025-07-01,417505,EVENTOS/SINISTROS CONHECIDOS OU AVISADOS DE ASSISTÊNCIA À SAÚDE,422340466.82
3,2025,2025-07-01,418137,EVENTOS/SINISTROS CONHECIDOS OU AVISADOS DE ASSISTÊNCIA À SAÚDE,19176412.35
3,2025,2025-07-01,419079,EVENTOS/SINISTROS CONHECIDOS OU AVISADOS DE ASSISTÊNCIA À SAÚDE,0.0
3,2025,2025-07-01,403962,EVENTOS/SINISTROS CONHECIDOS OU AVISADOS DE ASSISTÊNCIA À SAÚDE,46307148.86
3,2025,2025-07-01,408026,EVENTOS/SINISTROS CONHECIDOS OU AVISADOS DE ASSISTÊNCIA À SAÚDE,4161789.79
3,2025,2025-07-01,409634,EVENTOS/SINISTROS CONHECIDOS OU AVISADOS DE ASSISTÊNCIA À SAÚDE,6581690.14
3,2025,2025-07-01,412759,EVENTOS/SINISTROS CONHECIDOS OU AVISADOS DE ASSISTÊNCIA À SAÚDE,25136171.0
3,2025,2025-07-01,414387,EVENTOS/SINISTROS CONHECIDOS OU AVISADOS DE ASSISTÊNCIA À SAÚDE,4477131.65
3,2025,2025-07-01,414701,EVENTOS/SINISTROS CONHECIDOS OU AVISADOS DE ASSISTÊNCIA À SAÚDE,6480097.46
3,2025,2025-07-01,415014,EVENTOS/SINISTROS CONHECIDOS OU AVISADOS DE ASSISTÊNCIA À SAÚDE,60026235.16
3,2025,2025-07-01,416584,EVENTOS/SINISTROS CONHECIDOS OU AVISADOS DE ASSISTÊNCIA À SAÚDE,33834377.51
3,2025,2025-07-01,416801,EVENTOS/SINISTROS CONHECIDOS OU AVISADOS DE ASSISTÊNCIA À SAÚDE,67006056.34
3,2025,2025-07-01,418129,EVENTOS/SINISTROS CONHECIDOS OU AVISADOS DE ASSISTÊNCIA À SAÚDE,5916477.0
3,2025,2025-07-01,418226,EVENTOS/SINISTROS CONHECIDOS OU AVISADOS DE ASSISTÊNCIA À SAÚDE,8318764.9
3,2025,2025-07-01,382655,EVENTOS/SINISTROS CONHECIDOS OU AVISADOS DE ASSISTÊNCIA À SAÚDE,5164805.44
3,2025,2025-07-01,390259,EVENTOS/SINISTROS CONHECIDOS OU AVISADOS DE ASSISTÊNCIA À SAÚDE,6235136.41
3,2025,2025-07-01,414026,EVENTOS/SINISTROS CONHECIDOS OU AVISADOS DE ASSISTÊNCIA À SAÚDE,4927644.18
3,2025,2025-07-01,414689,EVENTOS/SINISTROS CONHECIDOS OU AVISADOS DE ASSISTÊNCIA À SAÚDE,94055.56
3,2025,2025-07-01,418650,EVENTOS/SINISTROS CONHECIDOS OU AVISADOS DE ASSISTÊNCIA À SAÚDE,118767099.74
3,2025,2025-07-01,418803,EVENTOS/SINISTROS CONHECIDOS OU AVISADOS DE ASSISTÊNCIA À SAÚDE,68019645.93
3,2025,2025-07-01,419141,EVENTOS/SINISTROS CONHECIDOS OU AVISADOS DE ASSISTÊNCIA À SAÚDE,93352575.72
3,2025,2025-07-01,381144,EVENTOS/SINISTROS CONHECIDOS OU AVISADOS DE ASSISTÊNCIA À SAÚDE,4229977.94
3,2025,2025-07-01,386588,EVENTOS/SINISTROS CONHECIDOS OU AVISADOS DE ASSISTÊNCIA À SAÚDE,226608237.1
3,2025,2025-07-01,387185,EVENTOS/SINISTROS CONHECIDOS OU AVISADOS DE ASSISTÊNCIA À SAÚDE,20009984.42
3,2025,2025-07-01,406945,EVENTOS/SINISTROS CONHECIDOS OU AVISADOS DE ASSISTÊNCIA À SAÚDE,39848734.56
3,2025,2025-07-01,410292,EVENTOS/SINISTROS CONHECIDOS OU AVISADOS DE ASSISTÊNCIA À SAÚDE,56238694.24
3,2025,2025-07-01,411752,EVENTOS/SINISTROS CONHECIDOS OU AVISADOS DE ASSISTÊNCIA À SAÚDE,147936942.18
3,2025,2025-07-01,412015,EVENTOS/SINISTROS CONHECIDOS OU AVISADOS DE ASSISTÊNCIA À SAÚDE,2901860.85
3,2025,2025-07-01,415243,EVENTOS/SINISTROS CONHECIDOS OU AVISADOS DE ASSISTÊNCIA À SAÚDE,3416120.76
3,2025,2025-07-01,415901,EVENTOS/SINISTROS CONHECIDOS OU AVISADOS DE ASSISTÊNCIA À SAÚDE,1003844.53
3,2025,2025-07-01,416398,EVENTOS/SINISTROS CONHECIDOS OU AVISADOS DE ASSISTÊNCIA À SAÚDE,52175281.28
3,2025,2025-07-01,417131,EVENTOS/SINISTROS CONHECIDOS OU AVISADOS DE ASSISTÊNCIA À SAÚDE,1741035.88
3,2025,2025-07-01,370975,EVENTOS/SINISTROS CONHECIDOS OU AVISADOS DE ASSISTÊNCIA À SAÚDE,39088555.73
3,2025,2025-07-01,351202,EVENTOS/SINISTROS CONHECIDOS OU AVISADOS DE ASSISTÊNCIA À SAÚDE,610565215.13
3,2025,2025-07-01,364584,EVENTOS/SINISTROS CONHECIDOS OU AVISADOS DE ASSISTÊNCIA À SAÚDE,319917094.25
3,2025,2025-07-01,364860,EVENTOS/SINISTROS CONHECIDOS OU AVISADOS DE ASSISTÊNCIA À SAÚDE,135589441.05
3,2025,2025-07-01,366340,EVENTOS/SINISTROS CONHECIDOS OU AVISADOS DE ASSISTÊNCIA À SAÚDE,37417075.99
3,2025,2025-07-01,354562,EVENTOS/SINISTROS CONHECIDOS OU AVISADOS DE ASSISTÊNCIA À SAÚDE,157642934.2
3,2025,2025-07-01,355721,EVENTOS/SINISTROS CONHECIDOS OU AVISADOS DE ASSISTÊNCIA À SAÚDE,651647851.25
3,2025,2025-07-01,361941,EVENTOS/SINISTROS CONHECIDOS OU AVISADOS DE ASSISTÊNCIA À SAÚDE,68104866.91
3,2025,2025-07-01,364070,EVENTOS/SINISTROS CONHECIDOS OU AVISADOS DE ASSISTÊNCIA À SAÚDE,21126255.32
3,2025,2025-07-01,365530,EVENTOS/SINISTROS CONHECIDOS OU AVISADOS DE ASSISTÊNCIA À SAÚDE,34964289.02
3,2025,2025-07-01,368555,EVENTOS/SINISTROS CONHECIDOS OU AVISADOS DE ASSISTÊNCIA À SAÚDE,22576527.26
3,2025,2025-07-01,358282,EVENTOS/SINISTROS CONHECIDOS OU AVISADOS DE ASSISTÊNCIA À SAÚDE,28388937.67
3,2025,2025-07-01,359777,EVENTOS/SINISTROS CONHECIDOS OU AVISADOS DE ASSISTÊNCIA À SAÚDE,187252095.41
3,2025,2025-07-01,368148,EVENTOS/SINISTROS CONHECIDOS OU AVISADOS DE ASSISTÊNCIA À SAÚDE,52440795.76
3,2025,2025-07-01,369659,EVENTOS/SINISTROS CONHECIDOS OU AVISADOS DE ASSISTÊNCIA À SAÚDE,397666333.85
3,2025,2025-07-01,371629,EVENTOS/SINISTROS CONHECIDOS OU AVISADOS DE ASSISTÊNCIA À SAÚDE,143487043.92
3,2025,2025-07-01,372561,EVENTOS/SINISTROS CONHECIDOS OU AVISADOS DE ASSISTÊNCIA À SAÚDE,61728815.01
3,2025,2025-07-01,378216,EVENTOS/SINISTROS CONHECIDOS OU AVISADOS DE ASSISTÊNCIA À SAÚDE,46277820.99
3,2025,2025-07-01,348830,EVENTOS/SINISTROS CONHECIDOS OU AVISADOS DE ASSISTÊNCIA À SAÚDE,166506271.3
3,2025,2025-07-01,349712,EVENTOS/SINISTROS CONHECIDOS OU AVISADOS DE ASSISTÊNCIA À SAÚDE,256332027.56
3,2025,2025-07-01,350249,EVENTOS/SINISTROS CONHECIDOS OU AVISADOS DE ASSISTÊNCIA À SAÚDE,229332994.09
3,2025,2025-07-01,353264,EVENTOS/SINISTROS CONHECIDOS OU AVISADOS DE ASSISTÊNCIA À SAÚDE,18789213.72
3,2025,2025-07-01,354295,EVENTOS/SINISTROS CONHECIDOS OU AVISADOS DE ASSISTÊNCIA À SAÚDE,183675237.85
3,2025,2025-07-01,355593,EVENTOS/SINISTROS CONHECIDOS OU AVISADOS DE ASSISTÊNCIA À SAÚDE,39422138.77
3,2025,2025-07-01,357715,EVENTOS/SINISTROS CONHECIDOS OU AVISADOS DE ASSISTÊNCIA À SAÚDE,31095118.22
3,2025,2025-07-01,371106,EVENTOS/SINISTROS CONHECIDOS OU AVISADOS DE ASSISTÊNCIA À SAÚDE,167214230.17
3,2025,2025-07-01,374440,EVENTOS/SINISTROS CONHECIDOS OU AVISADOS DE ASSISTÊNCIA À SAÚDE,26195204.62
3,2025,2025-07-01,354511,EVENTOS/SINISTROS CONHECIDOS OU AVISADOS DE ASSISTÊNCIA À SAÚDE,116073498.67
3,2025,2025-07-01,358754,EVENTOS/SINISTROS CONHECIDOS OU AVISADOS DE ASSISTÊNCIA À SAÚDE,38436004.44
3,2025,2025-07-01,365777,EVENTOS/SINISTROS CONHECIDOS OU AVISADOS DE ASSISTÊNCIA À SAÚDE,57789427.53
3,2025,2025-07-01,366561,EVENTOS/SINISTROS CONHECIDOS OU AVISADOS DE ASSISTÊNCIA À SAÚDE,228794086.34
3,2025,2025-07-01,370592,EVENTOS/SINISTROS CONHECIDOS OU AVISADOS DE ASSISTÊNCIA À SAÚDE,12847944.9
3,2025,2025-07-01,350371,EVENTOS/SINISTROS CONHECIDOS OU AVISADOS DE ASSISTÊNCIA À SAÚDE,180435454.37
3,2025,2025-07-01,351407,EVENTOS/SINISTROS CONHECIDOS OU AVISADOS DE ASSISTÊNCIA À SAÚDE,92646308.46
3,2025,2025-07-01,351776,EVENTOS/SINISTROS CONHECIDOS OU AVISADOS DE ASSISTÊNCIA À SAÚDE,21776211.84
3,2025,2025-07-01,352519,EVENTOS/SINISTROS CONHECIDOS OU AVISADOS DE ASSISTÊNCIA À SAÚDE,11566635.09
3,2025,2025-07-01,352586,EVENTOS/SINISTROS CONHECIDOS OU AVISADOS DE ASSISTÊNCIA À SAÚDE,49870855.04
3,2025,2025-07-01,353027,EVENTOS/SINISTROS CONHECIDOS OU AVISADOS DE ASSISTÊNCIA À SAÚDE,51893230.27
3,2025,2025-07-01,353876,EVENTOS/SINISTROS CONHECIDOS OU AVISADOS DE ASSISTÊNCIA À SAÚDE,29441767.3
3,2025,2025-07-01,354066,EVENTOS/SINISTROS CONHECIDOS OU AVISADOS DE ASSISTÊNCIA À SAÚDE,289208180.43
3,2025,2025-07-01,354627,EVENTOS/SINISTROS CONHECIDOS OU AVISADOS DE ASSISTÊNCIA À SAÚDE,38339942.37
3,2025,2025-07-01,354783,EVENTOS/SINISTROS CONHECIDOS OU AVISADOS DE ASSISTÊNCIA À SAÚDE,265702029.08
3,2025,2025-07-01,355097,EVENTOS/SINISTROS CONHECIDOS OU AVISADOS DE ASSISTÊNCIA À SAÚDE,664960660.65
3,2025,2025-07-01,356476,EVENTOS/SINISTROS CONHECIDOS OU AVISADOS DE ASSISTÊNCIA À SAÚDE,100038541.32
3,2025,2025-07-01,357260,EVENTOS/SINISTROS CONHECIDOS OU AVISADOS DE ASSISTÊNCIA À SAÚDE,151321034.28
3,2025,2025-07-01,359033,EVENTOS/SINISTROS CONHECIDOS OU AVISADOS DE ASSISTÊNCIA À SAÚDE,30756620.13
3,2025,2025-07-01,360414,EVENTOS/SINISTROS CONHECIDOS OU AVISADOS DE ASSISTÊNCIA À SAÚDE,46873095.39
3,2025,2025-07-01,361569,EVENTOS/SINISTROS CONHECIDOS OU AVISADOS DE ASSISTÊNCIA À SAÚDE,10577413.13
3,2025,2025-07-01,362573,EVENTOS/SINISTROS CONHECIDOS OU AVISADOS DE ASSISTÊNCIA À SAÚDE,30869107.88
3,2025,2025-07-01,367095,EVENTOS/SINISTROS CONHECIDOS OU AVISADOS DE ASSISTÊNCIA À SAÚDE,291223845.18
3,2025,2025-07-01,368920,EVENTOS/SINISTROS CONHECIDOS OU AVISADOS DE ASSISTÊNCIA À SAÚDE,68640719.18
3,2025,2025-07-01,359122,EVENTOS/SINISTROS CONHECIDOS OU AVISADOS DE ASSISTÊNCIA À SAÚDE,73888738.05
3,2025,2025-07-01,361593,EVENTOS/SINISTROS CONHECIDOS OU AVISADOS DE ASSISTÊNCIA À SAÚDE,9219847.24
3,2025,2025-07-01,363286,EVENTOS/SINISTROS CONHECIDOS OU AVISADOS DE ASSISTÊNCIA À SAÚDE,36361908.59
3,2025,2025-07-01,364592,EVENTOS/SINISTROS CONHECIDOS OU AVISADOS DE ASSISTÊNCIA À SAÚDE,39626206.65
3,2025,2025-07-01,365785,EVENTOS/SINISTROS CONHECIDOS OU AVISADOS DE ASSISTÊNCIA À SAÚDE,3546601.06
3,2025,2025-07-01,367397,EVENTOS/SINISTROS CONHECIDOS OU AVISADOS DE ASSISTÊNCIA À SAÚDE,240815179.8
3,2025,2025-07-01,370681,EVENTOS/SINISTROS CONHECIDOS OU AVISADOS DE ASSISTÊNCIA À SAÚDE,135638838.48
3,2025,2025-07-01,350494,EVENTOS/SINISTROS CONHECIDOS OU AVISADOS DE ASSISTÊNCIA À SAÚDE,65299890.58
3,2025,2025-07-01,352501,EVENTOS/SINISTROS CONHECIDOS OU AVISADOS DE ASSISTÊNCIA À SAÚDE,2814901842.59
3,2025,2025-07-01,353698,EVENTOS/SINISTROS CONHECIDOS OU AVISADOS DE ASSISTÊNCIA À SAÚDE,14335542.65
3,2025,2025-07-01,355151,EVENTOS/SINISTROS CONHECIDOS OU AVISADOS DE ASSISTÊNCIA À SAÚDE,254516448.49
3,2025,2025-07-01,356581,EVENTOS/SINISTROS CONHECIDOS OU AVISADOS DE ASSISTÊNCIA À SAÚDE,43073642.19
3,2025,2025-07-01,357511,EVENTOS/SINISTROS CONHECIDOS OU AVISADOS DE ASSISTÊNCIA À SAÚDE,760481033.62
3,2025,2025-07-01,358339,EVENTOS/SINISTROS CONHECIDOS OU AVISADOS DE ASSISTÊNCIA À SAÚDE,4539824.92
3,2025,2025-07-01,345091,EVENTOS/SINISTROS CONHECIDOS OU AVISADOS DE ASSISTÊNCIA À SAÚDE,50204377.54
3,2025,2025-07-01,345741,EVENTOS/SINISTROS CONHECIDOS OU AVISADOS DE ASSISTÊNCIA À SAÚDE,2334411.84
3,2025,2025-07-01,346659,EVENTOS/SINISTROS CONHECIDOS OU AVISADOS DE ASSISTÊNCIA À SAÚDE,5894745211.22
3,2025,2025-07-01,348180,EVENTOS/SINISTROS CONHECIDOS OU AVISADOS DE ASSISTÊNCIA À SAÚDE,280345903.15
3,2025,2025-07-01,328294,EVENTOS/SINISTROS CONHECIDOS OU AVISADOS DE ASSISTÊNCIA À SAÚDE,76561575.98
3,2025,2025-07-01,333662,EVENTOS/SINISTROS CONHECIDOS OU AVISADOS DE ASSISTÊNCIA À SAÚDE,137662076.02
3,2025,2025-07-01,335592,EVENTOS/SINISTROS CONHECIDOS OU AVISADOS DE ASSISTÊNCIA À SAÚDE,861415109.54
3,2025,2025-07-01,335789,EVENTOS/SINISTROS CONHECIDOS OU AVISADOS DE ASSISTÊNCIA À SAÚDE,18041686.71
3,2025,2025-07-01,337668,EVENTOS/SINISTROS CONHECIDOS OU AVISADOS DE ASSISTÊNCIA À SAÚDE,410234203.81
3,2025,2025-07-01,342131,EVENTOS/SINISTROS CONHECIDOS OU AVISADOS DE ASSISTÊNCIA À SAÚDE,32785158.33
3,2025,2025-07-01,343153,EVENTOS/SINISTROS CONHECIDOS OU AVISADOS DE ASSISTÊNCIA À SAÚDE,8979474.22
3,2025,2025-07-01,343889,EVENTOS/SINISTROS CONHECIDOS OU AVISADOS DE ASSISTÊNCIA À SAÚDE,4274784629.47
3,2025,2025-07-01,346209,EVENTOS/SINISTROS CONHECIDOS OU AVISADOS DE ASSISTÊNCIA À SAÚDE,85676526.21
3,2025,2025-07-01,347108,EVENTOS/SINISTROS CONHECIDOS OU AVISADOS DE ASSISTÊNCIA À SAÚDE,39245097.26
3,2025,2025-07-01,347825,EVENTOS/SINISTROS CONHECIDOS OU AVISADOS DE ASSISTÊNCIA À SAÚDE,8230704.56
3,2025,2025-07-01,330892,EVENTOS/SINISTROS CONHECIDOS OU AVISADOS DE ASSISTÊNCIA À SAÚDE,16596036.14
3,2025,2025-07-01,331341,EVENTOS/SINISTROS CONHECIDOS OU AVISADOS DE ASSISTÊNCIA À SAÚDE,172399449.32
3,2025,2025-07-01,335258,EVENTOS/SINISTROS CONHECIDOS OU AVISADOS DE ASSISTÊNCIA À SAÚDE,17083212.61
3,2025,2025-07-01,335614,EVENTOS/SINISTROS CONHECIDOS OU AVISADOS DE ASSISTÊNCIA À SAÚDE,1165341933.58
3,2025,2025-07-01,340782,EVENTOS/SINISTROS CONHECIDOS OU AVISADOS DE ASSISTÊNCIA À SAÚDE,560408124.06
3,2025,2025-07-01,342556,EVENTOS/SINISTROS CONHECIDOS OU AVISADOS DE ASSISTÊNCIA À SAÚDE,187458217.51
3,2025,2025-07-01,344362,EVENTOS/SINISTROS CONHECIDOS OU AVISADOS DE ASSISTÊNCIA À SAÚDE,146540367.38
3,2025,2025-07-01,347795,EVENTOS/SINISTROS CONHECIDOS OU AVISADOS DE ASSISTÊNCIA À SAÚDE,4487476.43
3,2025,2025-07-01,348261,EVENTOS/SINISTROS CONHECIDOS OU AVISADOS DE ASSISTÊNCIA À SAÚDE,35889554.08
3,2025,2025-07-01,327638,EVENTOS/SINISTROS CONHECIDOS OU AVISADOS DE ASSISTÊNCIA À SAÚDE,14149831.13
3,2025,2025-07-01,328375,EVENTOS/SINISTROS CONHECIDOS OU AVISADOS DE ASSISTÊNCIA À SAÚDE,20497718.38
3,2025,2025-07-01,330809,EVENTOS/SINISTROS CONHECIDOS OU AVISADOS DE ASSISTÊNCIA À SAÚDE,71889848.33
3,2025,2025-07-01,335517,EVENTOS/SINISTROS CONHECIDOS OU AVISADOS DE ASSISTÊNCIA À SAÚDE,62636203.42
3,2025,2025-07-01,336858,EVENTOS/SINISTROS CONHECIDOS OU AVISADOS DE ASSISTÊNCIA À SAÚDE,71543256.31
3,2025,2025-07-01,339954,EVENTOS/SINISTROS CONHECIDOS OU AVISADOS DE ASSISTÊNCIA À SAÚDE,515612877.35
3,2025,2025-07-01,343331,EVENTOS/SINISTROS CONHECIDOS OU AVISADOS DE ASSISTÊNCIA À SAÚDE,59042919.2
3,2025,2025-07-01,348520,EVENTOS/SINISTROS CONHECIDOS OU AVISADOS DE ASSISTÊNCIA À SAÚDE,705674906.52
3,2025,2025-07-01,327417,EVENTOS/SINISTROS CONHECIDOS OU AVISADOS DE ASSISTÊNCIA À SAÚDE,192361015.63
3,2025,2025-07-01,330264,EVENTOS/SINISTROS CONHECIDOS OU AVISADOS DE ASSISTÊNCIA À SAÚDE,89687167.87
3,2025,2025-07-01,333867,EVENTOS/SINISTROS CONHECIDOS OU AVISADOS DE ASSISTÊNCIA À SAÚDE,10364648.11
3,2025,2025-07-01,335100,EVENTOS/SINISTROS CONHECIDOS OU AVISADOS DE ASSISTÊNCIA À SAÚDE,975733382.3
3,2025,2025-07-01,341819,EVENTOS/SINISTROS CONHECIDOS OU AVISADOS DE ASSISTÊNCIA À SAÚDE,96817.14
3,2025,2025-07-01,343684,EVENTOS/SINISTROS CONHECIDOS OU AVISADOS DE ASSISTÊNCIA À SAÚDE,42604407.43
3,2025,2025-07-01,343731,EVENTOS/SINISTROS CONHECIDOS OU AVISADOS DE ASSISTÊNCIA À SAÚDE,728877833.5
3,2025,2025-07-01,346004,EVENTOS/SINISTROS CONHECIDOS OU AVISADOS DE ASSISTÊNCIA À SAÚDE,14888002.95
3,2025,2025-07-01,346951,EVENTOS/SINISTROS CONHECIDOS OU AVISADOS DE ASSISTÊNCIA À SAÚDE,51059954.37
3,2025,2025-07-01,325031,EVENTOS/SINISTROS CONHECIDOS OU AVISADOS DE ASSISTÊNCIA À SAÚDE,59529485.74
3,2025,2025-07-01,329339,EVENTOS/SINISTROS CONHECIDOS OU AVISADOS DE ASSISTÊNCIA À SAÚDE,237700835.76
3,2025,2025-07-01,329886,EVENTOS/SINISTROS CONHECIDOS OU AVISADOS DE ASSISTÊNCIA À SAÚDE,77642952.76
3,2025,2025-07-01,331988,EVENTOS/SINISTROS CONHECIDOS OU AVISADOS DE ASSISTÊNCIA À SAÚDE,353538303.17
3,2025,2025-07-01,343129,EVENTOS/SINISTROS CONHECIDOS OU AVISADOS DE ASSISTÊNCIA À SAÚDE,21945527.43
3,2025,2025-07-01,344184,EVENTOS/SINISTROS CONHECIDOS OU AVISADOS DE ASSISTÊNCIA À SAÚDE,3306131.88
3,2025,2025-07-01,347604,EVENTOS/SINISTROS CONHECIDOS OU AVISADOS DE ASSISTÊNCIA À SAÚDE,6876979.69
3,2025,2025-07-01,325465,EVENTOS/SINISTROS CONHECIDOS OU AVISADOS DE ASSISTÊNCIA À SAÚDE,26190915.27
3,2025,2025-07-01,326500,EVENTOS/SINISTROS CONHECIDOS OU AVISADOS DE ASSISTÊNCIA À SAÚDE,289032181.13
3,2025,2025-07-01,327328,EVENTOS/SINISTROS CONHECIDOS OU AVISADOS DE ASSISTÊNCIA À SAÚDE,936597.0
3,2025,2025-07-01,334561,EVENTOS/SINISTROS CONHECIDOS OU AVISADOS DE ASSISTÊNCIA À SAÚDE,546195072.69
3,2025,2025-07-01,335754,EVENTOS/SINISTROS CONHECIDOS OU AVISADOS DE ASSISTÊNCIA À SAÚDE,83442675.51
3,2025,2025-07-01,337374,EVENTOS/SINISTROS CONHECIDOS OU AVISADOS DE ASSISTÊNCIA À SAÚDE,217081826.22
3,2025,2025-07-01,344451,EVENTOS/SINISTROS CONHECIDOS OU AVISADOS DE ASSISTÊNCIA À SAÚDE,16006730.07
3,2025,2025-07-01,418021,EVENTOS/SINISTROS CONHECIDOS OU AVISADOS DE ASSISTÊNCIA À SAÚDE,236764264.88
3,2025,2025-07-01,392804,EVENTOS/SINISTROS CONHECIDOS OU AVISADOS DE ASSISTÊNCIA À SAÚDE,310005755.32
3,2025,2025-07-01,406805,EVENTOS/SINISTROS CONHECIDOS OU AVISADOS DE ASSISTÊNCIA À SAÚDE,17609022.73
3,2025,2025-07-01,408034,EVENTOS/SINISTROS CONHECIDOS OU AVISADOS DE ASSISTÊNCIA À SAÚDE,2923249.28
3,2025,2025-07-01,409791,EVENTOS/SINISTROS CONHECIDOS OU AVISADOS DE ASSISTÊNCIA À SAÚDE,4270467.23
3,2025,2025-07-01,412996,EVENTOS/SINISTROS CONHECIDOS OU AVISADOS DE ASSISTÊNCIA À SAÚDE,6321058.04
3,2025,2025-07-01,414662,EVENTOS/SINISTROS CONHECIDOS OU AVISADOS DE ASSISTÊNCIA À SAÚDE,9254863.33
3,2025,2025-07-01,415936,EVENTOS/SINISTROS CONHECIDOS OU AVISADOS DE ASSISTÊNCIA À SAÚDE,33874010.26
3,2025,2025-07-01,416401,EVENTOS/SINISTROS CONHECIDOS OU AVISADOS DE ASSISTÊNCIA À SAÚDE,157949846.06
3,2025,2025-07-01,416690,EVENTOS/SINISTROS CONHECIDOS OU AVISADOS DE ASSISTÊNCIA À SAÚDE,59806645.93
3,2025,2025-07-01,417530,EVENTOS/SINISTROS CONHECIDOS OU AVISADOS DE ASSISTÊNCIA À SAÚDE,254907875.81
3,2025,2025-07-01,418820,EVENTOS/SINISTROS CONHECIDOS OU AVISADOS DE ASSISTÊNCIA À SAÚDE,37856115.75
3,2025,2025-07-01,382876,EVENTOS/SINISTROS CONHECIDOS OU AVISADOS DE ASSISTÊNCIA À SAÚDE,1832539764.31
3,2025,2025-07-01,385255,EVENTOS/SINISTROS CONHECIDOS OU AVISADOS DE ASSISTÊNCIA À SAÚDE,120120703.03
3,2025,2025-07-01,404241,EVENTOS/SINISTROS CONHECIDOS OU AVISADOS DE ASSISTÊNCIA À SAÚDE,11563334.75
3,2025,2025-07-01,406937,EVENTOS/SINISTROS CONHECIDOS OU AVISADOS DE ASSISTÊNCIA À SAÚDE,16564964.07
3,2025,2025-07-01,413551,EVENTOS/SINISTROS CONHECIDOS OU AVISADOS DE ASSISTÊNCIA À SAÚDE,580871.74
3,2025,2025-07-01,414212,EVENTOS/SINISTROS CONHECIDOS OU AVISADOS DE ASSISTÊNCIA À SAÚDE,18784526.04
3,2025,2025-07-01,415065,EVENTOS/SINISTROS CONHECIDOS OU AVISADOS DE ASSISTÊNCIA À SAÚDE,39930445.13
3,2025,2025-07-01,415111,EVENTOS/SINISTROS CONHECIDOS OU AVISADOS DE ASSISTÊNCIA À SAÚDE,197140308.7
3,2025,2025-07-01,416495,EVENTOS/SINISTROS CONHECIDOS OU AVISADOS DE ASSISTÊNCIA À SAÚDE,54356747.29
3,2025,2025-07-01,417424,EVENTOS/SINISTROS CONHECIDOS OU AVISADOS DE ASSISTÊNCIA À SAÚDE,0.0
3,2025,2025-07-01,417661,EVENTOS/SINISTROS CONHECIDOS OU AVISADOS DE ASSISTÊNCIA À SAÚDE,49163683.53
3,2025,2025-07-01,300713,EVENTOS/SINISTROS CONHECIDOS OU AVISADOS DE ASSISTÊNCIA À SAÚDE,89935420.98
3,2025,2025-07-01,301060,EVENTOS/SINISTROS CONHECIDOS OU AVISADOS DE ASSISTÊNCIA À SAÚDE,44524925.09
3,2025,2025-07-01,301124,EVENTOS/SINISTROS CONHECIDOS OU AVISADOS DE ASSISTÊNCIA À SAÚDE,26506991.64
3,2025,2025-07-01,301574,EVENTOS/SINISTROS CONHECIDOS OU AVISADOS DE ASSISTÊNCIA À SAÚDE,180315502.38
3,2025,2025-07-01,301728,EVENTOS/SINISTROS CONHECIDOS OU AVISADOS DE ASSISTÊNCIA À SAÚDE,44577720.52
3,2025,2025-07-01,000701,EVENTOS/SINISTROS CONHECIDOS OU AVISADOS DE ASSISTÊNCIA À SAÚDE,3953275061.79
3,2025,2025-07-01,005711,EVENTOS/SINISTROS CONHECIDOS OU AVISADOS DE ASSISTÊNCIA À SAÚDE,24132499192.47
3,2025,2025-07-01,006246,EVENTOS/SINISTROS CONHECIDOS OU AVISADOS DE ASSISTÊNCIA À SAÚDE,17336442829.42
3,2025,2025-07-01,300730,EVENTOS/SINISTROS CONHECIDOS OU AVISADOS DE ASSISTÊNCIA À SAÚDE,2634486.51
3,2025,2025-07-01,301744,EVENTOS/SINISTROS CONHECIDOS OU AVISADOS DE ASSISTÊNCIA À SAÚDE,49996144.21
3,2025,2025-07-01,301949,EVENTOS/SINISTROS CONHECIDOS OU AVISADOS DE ASSISTÊNCIA À SAÚDE,550547924.29
3,2025,2025-07-01,321125,EVENTOS/SINISTROS CONHECIDOS OU AVISADOS DE ASSISTÊNCIA À SAÚDE,15212795.95
3,2025,2025-07-01,304883,EVENTOS/SINISTROS CONHECIDOS OU AVISADOS DE ASSISTÊNCIA À SAÚDE,180076162.71
3,2025,2025-07-01,306398,EVENTOS/SINISTROS CONHECIDOS OU AVISADOS DE ASSISTÊNCIA À SAÚDE,443251658.86
3,2025,2025-07-01,306762,EVENTOS/SINISTROS CONHECIDOS OU AVISADOS DE ASSISTÊNCIA À SAÚDE,129223827.55
3,2025,2025-07-01,309222,EVENTOS/SINISTROS CONHECIDOS OU AVISADOS DE ASSISTÊNCIA À SAÚDE,1580487371.63
3,2025,2025-07-01,310239,EVENTOS/SINISTROS CONHECIDOS OU AVISADOS DE ASSISTÊNCIA À SAÚDE,18297411.57
3,2025,2025-07-01,311146,EVENTOS/SINISTROS CONHECIDOS OU AVISADOS DE ASSISTÊNCIA À SAÚDE,46991834.67
3,2025,2025-07-01,311715,EVENTOS/SINISTROS CONHECIDOS OU AVISADOS DE ASSISTÊNCIA À SAÚDE,112514134.16
3,2025,2025-07-01,312126,EVENTOS/SINISTROS CONHECIDOS OU AVISADOS DE ASSISTÊNCIA À SAÚDE,1696616125.82
3,2025,2025-07-01,315729,EVENTOS/SINISTROS CONHECIDOS OU AVISADOS DE ASSISTÊNCIA À SAÚDE,478128723.06
3,2025,2025-07-01,318566,EVENTOS/SINISTROS CONHECIDOS OU AVISADOS DE ASSISTÊNCIA À SAÚDE,104992310.54
3,2025,2025-07-01,319708,EVENTOS/SINISTROS CONHECIDOS OU AVISADOS DE ASSISTÊNCIA À SAÚDE,206594798.63
3,2025,2025-07-01,320838,EVENTOS/SINISTROS CONHECIDOS OU AVISADOS DE ASSISTÊNCIA À SAÚDE,746194.95
3,2025,2025-07-01,323080,EVENTOS/SINISTROS CONHECIDOS OU AVISADOS DE ASSISTÊNCIA À SAÚDE,3004107110.21
3,2025,2025-07-01,324175,EVENTOS/SINISTROS CONHECIDOS OU AVISADOS DE ASSISTÊNCIA À SAÚDE,22750823.31
3,2025,2025-07-01,324345,EVENTOS/SINISTROS CONHECIDOS OU AVISADOS DE ASSISTÊNCIA À SAÚDE,107776266.32
3,2025,2025-07-01,310522,EVENTOS/SINISTROS CONHECIDOS OU AVISADOS DE ASSISTÊNCIA À SAÚDE,163818429.71
3,2025,2025-07-01,312851,EVENTOS/SINISTROS CONHECIDOS OU AVISADOS DE ASSISTÊNCIA À SAÚDE,641329832.38
3,2025,2025-07-01,313475,EVENTOS/SINISTROS CONHECIDOS OU AVISADOS DE ASSISTÊNCIA À SAÚDE,10693218.22
3,2025,2025-07-01,314099,EVENTOS/SINISTROS CONHECIDOS OU AVISADOS DE ASSISTÊNCIA À SAÚDE,163369966.59
3,2025,2025-07-01,371254,EVENTOS/SINISTROS CONHECIDOS OU AVISADOS DE ASSISTÊNCIA À SAÚDE,615134564.76
3,2025,2025-07-01,350770,EVENTOS/SINISTROS CONHECIDOS OU AVISADOS DE ASSISTÊNCIA À SAÚDE,3514212.16
3,2025,2025-07-01,352179,EVENTOS/SINISTROS CONHECIDOS OU AVISADOS DE ASSISTÊNCIA À SAÚDE,64438004.49
3,2025,2025-07-01,365238,EVENTOS/SINISTROS CONHECIDOS OU AVISADOS DE ASSISTÊNCIA À SAÚDE,52805229.99
3,2025,2025-07-01,370711,EVENTOS/SINISTROS CONHECIDOS OU AVISADOS DE ASSISTÊNCIA À SAÚDE,4197011.43
3,2025,2025-07-01,352331,EVENTOS/SINISTROS CONHECIDOS OU AVISADOS DE ASSISTÊNCIA À SAÚDE,895686859.5
3,2025,2025-07-01,353663,EVENTOS/SINISTROS CONHECIDOS OU AVISADOS DE ASSISTÊNCIA À SAÚDE,319439946.41
3,2025,2025-07-01,357022,EVENTOS/SINISTROS CONHECIDOS OU AVISADOS DE ASSISTÊNCIA À SAÚDE,63505577.32
3,2025,2025-07-01,358088,EVENTOS/SINISTROS CONHECIDOS OU AVISADOS DE ASSISTÊNCIA À SAÚDE,178068619.99
3,2025,2025-07-01,363189,EVENTOS/SINISTROS CONHECIDOS OU AVISADOS DE ASSISTÊNCIA À SAÚDE,7459797.4
3,2025,2025-07-01,363855,EVENTOS/SINISTROS CONHECIDOS OU AVISADOS DE ASSISTÊNCIA À SAÚDE,70303854.44
3,2025,2025-07-01,321087,EVENTOS/SINISTROS CONHECIDOS OU AVISADOS DE ASSISTÊNCIA À SAÚDE,44006467.58
3,2025,2025-07-01,321338,EVENTOS/SINISTROS CONHECIDOS OU AVISADOS DE ASSISTÊNCIA À SAÚDE,711454.41
3,2025,2025-07-01,302627,EVENTOS/SINISTROS CONHECIDOS OU AVISADOS DE ASSISTÊNCIA À SAÚDE,31845853.49
3,2025,2025-07-01,303178,EVENTOS/SINISTROS CONHECIDOS OU AVISADOS DE ASSISTÊNCIA À SAÚDE,52763890.96
3,2025,2025-07-01,304212,EVENTOS/SINISTROS CONHECIDOS OU AVISADOS DE ASSISTÊNCIA À SAÚDE,12020808.42
3,2025,2025-07-01,310247,EVENTOS/SINISTROS CONHECIDOS OU AVISADOS DE ASSISTÊNCIA À SAÚDE,205738597.92
3,2025,2025-07-01,312347,EVENTOS/SINISTROS CONHECIDOS OU AVISADOS DE ASSISTÊNCIA À SAÚDE,107092595.46
3,2025,2025-07-01,316997,EVENTOS/SINISTROS CONHECIDOS OU AVISADOS DE ASSISTÊNCIA À SAÚDE,4967339.14
3,2025,2025-07-01,317144,EVENTOS/SINISTROS CONHECIDOS OU AVISADOS DE ASSISTÊNCIA À SAÚDE,1998076603.66
3,2025,2025-07-01,318213,EVENTOS/SINISTROS CONHECIDOS OU AVISADOS DE ASSISTÊNCIA À SAÚDE,35197058.52
3,2025,2025-07-01,319996,EVENTOS/SINISTROS CONHECIDOS OU AVISADOS DE ASSISTÊNCIA À SAÚDE,939454146.87
3,2025,2025-07-01,320510,EVENTOS/SINISTROS CONHECIDOS OU AVISADOS DE ASSISTÊNCIA À SAÚDE,23041518.55
3,2025,2025-07-01,323942,EVENTOS/SINISTROS CONHECIDOS OU AVISADOS DE ASSISTÊNCIA À SAÚDE,29615476.71
3,2025,2025-07-01,304051,EVENTOS/SINISTROS CONHECIDOS OU AVISADOS DE ASSISTÊNCIA À SAÚDE,101207229.98
3,2025,2025-07-01,305421,EVENTOS/SINISTROS CONHECIDOS OU AVISADOS DE ASSISTÊNCIA À SAÚDE,2674955.91
3,2025,2025-07-01,306100,EVENTOS/SINISTROS CONHECIDOS OU AVISADOS DE ASSISTÊNCIA À SAÚDE,119760880.17
3,2025,2025-07-01,311359,EVENTOS/SINISTROS CONHECIDOS OU AVISADOS DE ASSISTÊNCIA À SAÚDE,70736518.85
3,2025,2025-07-01,314706,EVENTOS/SINISTROS CONHECIDOS OU AVISADOS DE ASSISTÊNCIA À SAÚDE,9525783.78
3,2025,2025-07-01,321320,EVENTOS/SINISTROS CONHECIDOS OU AVISADOS DE ASSISTÊNCIA À SAÚDE,22862191.45
3,2025,2025-07-01,323055,EVENTOS/SINISTROS CONHECIDOS OU AVISADOS DE ASSISTÊNCIA À SAÚDE,46234095.38
3,2025,2025-07-01,324159,EVENTOS/SINISTROS CONHECIDOS OU AVISADOS DE ASSISTÊNCIA À SAÚDE,54438099.72
3,2025,2025-07-01,311847,EVENTOS/SINISTROS CONHECIDOS OU AVISADOS DE ASSISTÊNCIA À SAÚDE,266124460.39
3,2025,2025-07-01,313211,EVENTOS/SINISTROS CONHECIDOS OU AVISADOS DE ASSISTÊNCIA À SAÚDE,96437630.81
3,2025,2025-07-01,313971,EVENTOS/SINISTROS CONHECIDOS OU AVISADOS DE ASSISTÊNCIA À SAÚDE,46242625.45
3,2025,2025-07-01,319422,EVENTOS/SINISTROS CONHECIDOS OU AVISADOS DE ASSISTÊNCIA À SAÚDE,64148806.61
3,2025,2025-07-01,324477,EVENTOS/SINISTROS CONHECIDOS OU AVISADOS DE ASSISTÊNCIA À SAÚDE,229684005.86
3,2025,2025-07-01,303356,EVENTOS/SINISTROS CONHECIDOS OU AVISADOS DE ASSISTÊNCIA À SAÚDE,404052690.71
3,2025,2025-07-01,304484,EVENTOS/SINISTROS CONHECIDOS OU AVISADOS DE ASSISTÊNCIA À SAÚDE,45047411.02
3,2025,2025-07-01,306886,EVENTOS/SINISTROS CONHECIDOS OU AVISADOS DE ASSISTÊNCIA À SAÚDE,406504018.63
3,2025,2025-07-01,311057,EVENTOS/SINISTROS CONHECIDOS OU AVISADOS DE ASSISTÊNCIA À SAÚDE,272538.71
3,2025,2025-07-01,311391,EVENTOS/SINISTROS CONHECIDOS OU AVISADOS DE ASSISTÊNCIA À SAÚDE,8233004.96
3,2025,2025-07-01,312592,EVENTOS/SINISTROS CONHECIDOS OU AVISADOS DE ASSISTÊNCIA À SAÚDE,83075705.0
3,2025,2025-07-01,313084,EVENTOS/SINISTROS CONHECIDOS OU AVISADOS DE ASSISTÊNCIA À SAÚDE,35211969.74
3,2025,2025-07-01,315796,EVENTOS/SINISTROS CONHECIDOS OU AVISADOS DE ASSISTÊNCIA À SAÚDE,361408051.06
3,2025,2025-07-01,316849,EVENTOS/SINISTROS CONHECIDOS OU AVISADOS DE ASSISTÊNCIA À SAÚDE,6654831.48
3,2025,2025-07-01,318477,EVENTOS/SINISTROS CONHECIDOS OU AVISADOS DE ASSISTÊNCIA À SAÚDE,69386399.04
3,2025,2025-07-01,320820,EVENTOS/SINISTROS CONHECIDOS OU AVISADOS DE ASSISTÊNCIA À SAÚDE,39144299.87
3,2025,2025-07-01,419354,EVENTOS/SINISTROS CONHECIDOS OU AVISADOS DE ASSISTÊNCIA À SAÚDE,267253.68
3,2025,2025-07-01,419591,EVENTOS/SINISTROS CONHECIDOS OU AVISADOS DE ASSISTÊNCIA À SAÚDE,4571865.29
3,2025,2025-07-01,420077,EVENTOS/SINISTROS CONHECIDOS OU AVISADOS DE ASSISTÊNCIA À SAÚDE,226608243.97
3,2025,2025-07-01,421146,EVENTOS/SINISTROS CONHECIDOS OU AVISADOS DE ASSISTÊNCIA À SAÚDE,0.0
3,2025,2025-07-01,421367,EVENTOS/SINISTROS CONHECIDOS OU AVISADOS DE ASSISTÊNCIA À SAÚDE,0.0
3,2025,2025-07-01,421928,EVENTOS/SINISTROS CONHECIDOS OU AVISADOS DE ASSISTÊNCIA À SAÚDE,331899775.44
3,2025,2025-07-01,423441,EVENTOS/SINISTROS CONHECIDOS OU AVISADOS DE ASSISTÊNCIA À SAÚDE,6397288.58
3,2025,2025-07-01,421634,EVENTOS/SINISTROS CONHECIDOS OU AVISADOS DE ASSISTÊNCIA À SAÚDE,3407055.31
3,2025,2025-07-01,422401,EVENTOS/SINISTROS CONHECIDOS OU AVISADOS DE ASSISTÊNCIA À SAÚDE,0.0
3,2025,2025-07-01,423858,EVENTOS/SINISTROS CONHECIDOS OU AVISADOS DE ASSISTÊNCIA À SAÚDE,0.0
3,2025,2025-07-01,424048,EVENTOS/SINISTROS CONHECIDOS OU AVISADOS DE ASSISTÊNCIA À SAÚDE,3753171.12
3,2025,2025-07-01,424463,EVENTOS/SINISTROS CONHECIDOS OU AVISADOS DE ASSISTÊNCIA À SAÚDE,35715.45
3,2025,2025-07-01,345458,EVENTOS/SINISTROS CONHECIDOS OU AVISADOS DE ASSISTÊNCIA À SAÚDE,51182306.49
3,2025,2025-07-01,345709,EVENTOS/SINISTROS CONHECIDOS OU AVISADOS DE ASSISTÊNCIA À SAÚDE,97078334.13
3,2025,2025-07-01,326861,EVENTOS/SINISTROS CONHECIDOS OU AVISADOS DE ASSISTÊNCIA À SAÚDE,217797398.74
3,2025,2025-07-01,330116,EVENTOS/SINISTROS CONHECIDOS OU AVISADOS DE ASSISTÊNCIA À SAÚDE,34879295.52
3,2025,2025-07-01,330566,EVENTOS/SINISTROS CONHECIDOS OU AVISADOS DE ASSISTÊNCIA À SAÚDE,90241754.65
3,2025,2025-07-01,331317,EVENTOS/SINISTROS CONHECIDOS OU AVISADOS DE ASSISTÊNCIA À SAÚDE,235806509.06
3,2025,2025-07-01,334154,EVENTOS/SINISTROS CONHECIDOS OU AVISADOS DE ASSISTÊNCIA À SAÚDE,63799322.51
3,2025,2025-07-01,335215,EVENTOS/SINISTROS CONHECIDOS OU AVISADOS DE ASSISTÊNCIA À SAÚDE,105085045.59
3,2025,2025-07-01,340952,EVENTOS/SINISTROS CONHECIDOS OU AVISADOS DE ASSISTÊNCIA À SAÚDE,331316829.61
3,2025,2025-07-01,342386,EVENTOS/SINISTROS CONHECIDOS OU AVISADOS DE ASSISTÊNCIA À SAÚDE,28306914.96
3,2025,2025-07-01,342807,EVENTOS/SINISTROS CONHECIDOS OU AVISADOS DE ASSISTÊNCIA À SAÚDE,129707847.91
3,2025,2025-07-01,344788,EVENTOS/SINISTROS CONHECIDOS OU AVISADOS DE ASSISTÊNCIA À SAÚDE,10738978.79
3,2025,2025-07-01,344915,EVENTOS/SINISTROS CONHECIDOS OU AVISADOS DE ASSISTÊNCIA À SAÚDE,2766461.84
3,2025,2025-07-01,333808,EVENTOS/SINISTROS CONHECIDOS OU AVISADOS DE ASSISTÊNCIA À SAÚDE,44702828.64
3,2025,2025-07-01,335657,EVENTOS/SINISTROS CONHECIDOS OU AVISADOS DE ASSISTÊNCIA À SAÚDE,21823516.38
3,2025,2025-07-01,336106,EVENTOS/SINISTROS CONHECIDOS OU AVISADOS DE ASSISTÊNCIA À SAÚDE,262703647.2
3,2025,2025-07-01,337871,EVENTOS/SINISTROS CONHECIDOS OU AVISADOS DE ASSISTÊNCIA À SAÚDE,146743140.55
3,2025,2025-07-01,339458,EVENTOS/SINISTROS CONHECIDOS OU AVISADOS DE ASSISTÊNCIA À SAÚDE,3430836.64
3,2025,2025-07-01,342033,EVENTOS/SINISTROS CONHECIDOS OU AVISADOS DE ASSISTÊNCIA À SAÚDE,576137338.21
3,2025,2025-07-01,342203,EVENTOS/SINISTROS CONHECIDOS OU AVISADOS DE ASSISTÊNCIA À SAÚDE,14154029.28
3,2025,2025-07-01,303267,EVENTOS/SINISTROS CONHECIDOS OU AVISADOS DE ASSISTÊNCIA À SAÚDE,347635099.95
3,2025,2025-07-01,304344,EVENTOS/SINISTROS CONHECIDOS OU AVISADOS DE ASSISTÊNCIA À SAÚDE,67646932.89
3,2025,2025-07-01,311944,EVENTOS/SINISTROS CONHECIDOS OU AVISADOS DE ASSISTÊNCIA À SAÚDE,24608505.64
3,2025,2025-07-01,314587,EVENTOS/SINISTROS CONHECIDOS OU AVISADOS DE ASSISTÊNCIA À SAÚDE,32871255.85
3,2025,2025-07-01,315583,EVENTOS/SINISTROS CONHECIDOS OU AVISADOS DE ASSISTÊNCIA À SAÚDE,15324945.03
3,2025,2025-07-01,317012,EVENTOS/SINISTROS CONHECIDOS OU AVISADOS DE ASSISTÊNCIA À SAÚDE,43242588.27
3,2025,2025-07-01,323004,EVENTOS/SINISTROS CONHECIDOS OU AVISADOS DE ASSISTÊNCIA À SAÚDE,14061767.23
3,2025,2025-07-01,323993,EVENTOS/SINISTROS CONHECIDOS OU AVISADOS DE ASSISTÊNCIA À SAÚDE,135466941.85
3,2025,2025-07-01,324523,EVENTOS/SINISTROS CONHECIDOS OU AVISADOS DE ASSISTÊNCIA À SAÚDE,4108.29
3,2025,2025-07-01,303623,EVENTOS/SINISTROS CONHECIDOS OU AVISADOS DE ASSISTÊNCIA À SAÚDE,608362810.12
3,2025,2025-07-01,307319,EVENTOS/SINISTROS CONHECIDOS OU AVISADOS DE ASSISTÊNCIA À SAÚDE,206069797.94
3,2025,2025-07-01,309028,EVENTOS/SINISTROS CONHECIDOS OU AVISADOS DE ASSISTÊNCIA À SAÚDE,9627894.44
3,2025,2025-07-01,313149,EVENTOS/SINISTROS CONHECIDOS OU AVISADOS DE ASSISTÊNCIA À SAÚDE,5466223.15
3,2025,2025-07-01,314781,EVENTOS/SINISTROS CONHECIDOS OU AVISADOS DE ASSISTÊNCIA À SAÚDE,23571988.79
3,2025,2025-07-01,315478,EVENTOS/SINISTROS CONHECIDOS OU AVISADOS DE ASSISTÊNCIA À SAÚDE,1221339130.02
3,2025,2025-07-01,320706,EVENTOS/SINISTROS CONHECIDOS OU AVISADOS DE ASSISTÊNCIA À SAÚDE,311433949.12
3,2025,2025-07-01,323268,EVENTOS/SINISTROS CONHECIDOS OU AVISADOS DE ASSISTÊNCIA À SAÚDE,286697570.76
3,2025,2025-07-01,302228,EVENTOS/SINISTROS CONHECIDOS OU AVISADOS DE ASSISTÊNCIA À SAÚDE,21080524.04
3,2025,2025-07-01,303739,EVENTOS/SINISTROS CONHECIDOS OU AVISADOS DE ASSISTÊNCIA À SAÚDE,154624149.05
3,2025,2025-07-01,309524,EVENTOS/SINISTROS CONHECIDOS OU AVISADOS DE ASSISTÊNCIA À SAÚDE,23084652.12
3,2025,2025-07-01,314218,EVENTOS/SINISTROS CONHECIDOS OU AVISADOS DE ASSISTÊNCIA À SAÚDE,520471127.8
3,2025,2025-07-01,314315,EVENTOS/SINISTROS CONHECIDOS OU AVISADOS DE ASSISTÊNCIA À SAÚDE,10203097.62
3,2025,2025-07-01,314668,EVENTOS/SINISTROS CONHECIDOS OU AVISADOS DE ASSISTÊNCIA À SAÚDE,144317565.41
3,2025,2025-07-01,316903,EVENTOS/SINISTROS CONHECIDOS OU AVISADOS DE ASSISTÊNCIA À SAÚDE,371773.29
3,2025,2025-07-01,317632,EVENTOS/SINISTROS CONHECIDOS OU AVISADOS DE ASSISTÊNCIA À SAÚDE,255668704.3
3,2025,2025-07-01,322326,EVENTOS/SINISTROS CONHECIDOS OU AVISADOS DE ASSISTÊNCIA À SAÚDE,8218421.96
3,2025,2025-07-01,304131,EVENTOS/SINISTROS CONHECIDOS OU AVISADOS DE ASSISTÊNCIA À SAÚDE,86300797.61
3,2025,2025-07-01,304395,EVENTOS/SINISTROS CONHECIDOS OU AVISADOS DE ASSISTÊNCIA À SAÚDE,90168950.33
3,2025,2025-07-01,306754,EVENTOS/SINISTROS CONHECIDOS OU AVISADOS DE ASSISTÊNCIA À SAÚDE,33069795.28
3,2025,2025-07-01,309087,EVENTOS/SINISTROS CONHECIDOS OU AVISADOS DE ASSISTÊNCIA À SAÚDE,61302161.62
3,2025,2025-07-01,311961,EVENTOS/SINISTROS CONHECIDOS OU AVISADOS DE ASSISTÊNCIA À SAÚDE,120135128.39
3,2025,2025-07-01,315044,EVENTOS/SINISTROS CONHECIDOS OU AVISADOS DE ASSISTÊNCIA À SAÚDE,173990578.24
3,2025,2025-07-01,315494,EVENTOS/SINISTROS CONHECIDOS OU AVISADOS DE ASSISTÊNCIA À SAÚDE,28554765.84
3,2025,2025-07-01,316458,EVENTOS/SINISTROS CONHECIDOS OU AVISADOS DE ASSISTÊNCIA À SAÚDE,20777580.84
3,2025,2025-07-01,321044,EVENTOS/SINISTROS CONHECIDOS OU AVISADOS DE ASSISTÊNCIA À SAÚDE,772608897.84
3,2025,2025-07-01,321273,EVENTOS/SINISTROS CONHECIDOS OU AVISADOS DE ASSISTÊNCIA À SAÚDE,448158319.86
3,2025,2025-07-01,322890,EVENTOS/SINISTROS CONHECIDOS OU AVISADOS DE ASSISTÊNCIA À SAÚDE,3998854.34
3,2025,2025-07-01,323926,EVENTOS/SINISTROS CONHECIDOS OU AVISADOS DE ASSISTÊNCIA À SAÚDE,66517348.59
3,2025,2025-07-01,303976,EVENTOS/SINISTROS CONHECIDOS OU AVISADOS DE ASSISTÊNCIA À SAÚDE,1143873444.43
3,2025,2025-07-01,304701,EVENTOS/SINISTROS CONHECIDOS OU AVISADOS DE ASSISTÊNCIA À SAÚDE,2459367408.77
3,2025,2025-07-01,310981,EVENTOS/SINISTROS CONHECIDOS OU AVISADOS DE ASSISTÊNCIA À SAÚDE,10229004.24
3,2025,2025-07-01,311618,EVENTOS/SINISTROS CONHECIDOS OU AVISADOS DE ASSISTÊNCIA À SAÚDE,80457237.26
3,2025,2025-07-01,312282,EVENTOS/SINISTROS CONHECIDOS OU AVISADOS DE ASSISTÊNCIA À SAÚDE,33724436.63
3,2025,2025-07-01,314366,EVENTOS/SINISTROS CONHECIDOS OU AVISADOS DE ASSISTÊNCIA À SAÚDE,2650991.69
3,2025,2025-07-01,319872,EVENTOS/SINISTROS CONHECIDOS OU AVISADOS DE ASSISTÊNCIA À SAÚDE,3399327.58
3,2025,2025-07-01,320862,EVENTOS/SINISTROS CONHECIDOS OU AVISADOS DE ASSISTÊNCIA À SAÚDE,77382062.26
3,2025,2025-07-01,322831,EVENTOS/SINISTROS CONHECIDOS OU AVISADOS DE ASSISTÊNCIA À SAÚDE,73436985.01
3,2025,2025-07-01,324213,EVENTOS/SINISTROS CONHECIDOS OU AVISADOS DE ASSISTÊNCIA À SAÚDE,2639003.46
3,2025,2025-07-01,324361,EVENTOS/SINISTROS CONHECIDOS OU AVISADOS DE ASSISTÊNCIA À SAÚDE,188202385.4
3,2025,2025-07-01,305227,EVENTOS/SINISTROS CONHECIDOS OU AVISADOS DE ASSISTÊNCIA À SAÚDE,74505444.8
3,2025,2025-07-01,305472,EVENTOS/SINISTROS CONHECIDOS OU AVISADOS DE ASSISTÊNCIA À SAÚDE,72344701.93
3,2025,2025-07-01,306045,EVENTOS/SINISTROS CONHECIDOS OU AVISADOS DE ASSISTÊNCIA À SAÚDE,6510263.97
3,2025,2025-07-01,307751,EVENTOS/SINISTROS CONHECIDOS OU AVISADOS DE ASSISTÊNCIA À SAÚDE,93495689.95
3,2025,2025-07-01,311294,EVENTOS/SINISTROS CONHECIDOS OU AVISADOS DE ASSISTÊNCIA À SAÚDE,130304462.74
3,2025,2025-07-01,315648,EVENTOS/SINISTROS CONHECIDOS OU AVISADOS DE ASSISTÊNCIA À SAÚDE,33613301.51
3,2025,2025-07-01,319121,EVENTOS/SINISTROS CONHECIDOS OU AVISADOS DE ASSISTÊNCIA À SAÚDE,441182275.25
3,2025,2025-07-01,345598,EVENTOS/SINISTROS CONHECIDOS OU AVISADOS DE ASSISTÊNCIA À SAÚDE,173438253.17
3,2025,2025-07-01,347655,EVENTOS/SINISTROS CONHECIDOS OU AVISADOS DE ASSISTÊNCIA À SAÚDE,91486151.33
3,2025,2025-07-01,325082,EVENTOS/SINISTROS CONHECIDOS OU AVISADOS DE ASSISTÊNCIA À SAÚDE,10916185.09
3,2025,2025-07-01,325236,EVENTOS/SINISTROS CONHECIDOS OU AVISADOS DE ASSISTÊNCIA À SAÚDE,71898747.07
3,2025,2025-07-01,331872,EVENTOS/SINISTROS CONHECIDOS OU AVISADOS DE ASSISTÊNCIA À SAÚDE,495262795.42
3,2025,2025-07-01,334243,EVENTOS/SINISTROS CONHECIDOS OU AVISADOS DE ASSISTÊNCIA À SAÚDE,5462654.55
3,2025,2025-07-01,338346,EVENTOS/SINISTROS CONHECIDOS OU AVISADOS DE ASSISTÊNCIA À SAÚDE,57937909.12
3,2025,2025-07-01,343404,EVENTOS/SINISTROS CONHECIDOS OU AVISADOS DE ASSISTÊNCIA À SAÚDE,1455965.74
3,2025,2025-07-01,329355,EVENTOS/SINISTROS CONHECIDOS OU AVISADOS DE ASSISTÊNCIA À SAÚDE,37568751.57
3,2025,2025-07-01,333051,EVENTOS/SINISTROS CONHECIDOS OU AVISADOS DE ASSISTÊNCIA À SAÚDE,188078689.6
3,2025,2025-07-01,333239,EVENTOS/SINISTROS CONHECIDOS OU AVISADOS DE ASSISTÊNCIA À SAÚDE,949872.53
3,2025,2025-07-01,333875,EVENTOS/SINISTROS CONHECIDOS OU AVISADOS DE ASSISTÊNCIA À SAÚDE,40464392.68
3,2025,2025-07-01,335690,EVENTOS/SINISTROS CONHECIDOS OU AVISADOS DE ASSISTÊNCIA À SAÚDE,2392848304.57
3,2025,2025-07-01,336467,EVENTOS/SINISTROS CONHECIDOS OU AVISADOS DE ASSISTÊNCIA À SAÚDE,12436323.55
3,2025,2025-07-01,337498,EVENTOS/SINISTROS CONHECIDOS OU AVISADOS DE ASSISTÊNCIA À SAÚDE,51906117.39
3,2025,2025-07-01,339679,EVENTOS/SINISTROS CONHECIDOS OU AVISADOS DE ASSISTÊNCIA À SAÚDE,5018895266.65
3,2025,2025-07-01,340162,EVENTOS/SINISTROS CONHECIDOS OU AVISADOS DE ASSISTÊNCIA À SAÚDE,2487898.17
3,2025,2025-07-01,342343,EVENTOS/SINISTROS CONHECIDOS OU AVISADOS DE ASSISTÊNCIA À SAÚDE,33548262.21
3,2025,2025-07-01,344729,EVENTOS/SINISTROS CONHECIDOS OU AVISADOS DE ASSISTÊNCIA À SAÚDE,107664191.48
3,2025,2025-07-01,369411,EVENTOS/SINISTROS CONHECIDOS OU AVISADOS DE ASSISTÊNCIA À SAÚDE,119775924.71
3,2025,2025-07-01,370088,EVENTOS/SINISTROS CONHECIDOS OU AVISADOS DE ASSISTÊNCIA À SAÚDE,45766471.38
3,2025,2025-07-01,373109,EVENTOS/SINISTROS CONHECIDOS OU AVISADOS DE ASSISTÊNCIA À SAÚDE,3079101.73
3,2025,2025-07-01,352314,EVENTOS/SINISTROS CONHECIDOS OU AVISADOS DE ASSISTÊNCIA À SAÚDE,67131001.75
3,2025,2025-07-01,352683,EVENTOS/SINISTROS CONHECIDOS OU AVISADOS DE ASSISTÊNCIA À SAÚDE,195061891.82
3,2025,2025-07-01,354678,EVENTOS/SINISTROS CONHECIDOS OU AVISADOS DE ASSISTÊNCIA À SAÚDE,12961559.29
3,2025,2025-07-01,356417,EVENTOS/SINISTROS CONHECIDOS OU AVISADOS DE ASSISTÊNCIA À SAÚDE,325656874.58
3,2025,2025-07-01,361011,EVENTOS/SINISTROS CONHECIDOS OU AVISADOS DE ASSISTÊNCIA À SAÚDE,413341788.48
3,2025,2025-07-01,367087,EVENTOS/SINISTROS CONHECIDOS OU AVISADOS DE ASSISTÊNCIA À SAÚDE,225653643.05
3,2025,2025-07-01,349682,EVENTOS/SINISTROS CONHECIDOS OU AVISADOS DE ASSISTÊNCIA À SAÚDE,256043116.85
3,2025,2025-07-01,350699,EVENTOS/SINISTROS CONHECIDOS OU AVISADOS DE ASSISTÊNCIA À SAÚDE,92953798.76
3,2025,2025-07-01,353353,EVENTOS/SINISTROS CONHECIDOS OU AVISADOS DE ASSISTÊNCIA À SAÚDE,425120243.35
3,2025,2025-07-01,354031,EVENTOS/SINISTROS CONHECIDOS OU AVISADOS DE ASSISTÊNCIA À SAÚDE,386360778.9
3,2025,2025-07-01,354279,EVENTOS/SINISTROS CONHECIDOS OU AVISADOS DE ASSISTÊNCIA À SAÚDE,57823693.05
3,2025,2025-07-01,357138,EVENTOS/SINISTROS CONHECIDOS OU AVISADOS DE ASSISTÊNCIA À SAÚDE,115448516.54
3,2025,2025-07-01,358053,EVENTOS/SINISTROS CONHECIDOS OU AVISADOS DE ASSISTÊNCIA À SAÚDE,103004978.05
3,2025,2025-07-01,359017,EVENTOS/SINISTROS CONHECIDOS OU AVISADOS DE ASSISTÊNCIA À SAÚDE,7707067731.38
3,2025,2025-07-01,360449,EVENTOS/SINISTROS CONHECIDOS OU AVISADOS DE ASSISTÊNCIA À SAÚDE,946101204.8
3,2025,2025-07-01,362832,EVENTOS/SINISTROS CONHECIDOS OU AVISADOS DE ASSISTÊNCIA À SAÚDE,27385437.34
3,2025,2025-07-01,421189,EVENTOS/SINISTROS CONHECIDOS OU AVISADOS DE ASSISTÊNCIA À SAÚDE,2845273.4
3,2025,2025-07-01,421618,EVENTOS/SINISTROS CONHECIDOS OU AVISADOS DE ASSISTÊNCIA À SAÚDE,4020556.06
3,2025,2025-07-01,422070,EVENTOS/SINISTROS CONHECIDOS OU AVISADOS DE ASSISTÊNCIA À SAÚDE,46439660.65
3,2025,2025-07-01,422487,EVENTOS/SINISTROS CONHECIDOS OU AVISADOS DE ASSISTÊNCIA À SAÚDE,6882877.28
3,2025,2025-07-01,423203,EVENTOS/SINISTROS CONHECIDOS OU AVISADOS DE ASSISTÊNCIA À SAÚDE,2692847.03
3,2025,2025-07-01,423351,EVENTOS/SINISTROS CONHECIDOS OU AVISADOS DE ASSISTÊNCIA À SAÚDE,15757415.46
3,2025,2025-07-01,423432,EVENTOS/SINISTROS CONHECIDOS OU AVISADOS DE ASSISTÊNCIA À SAÚDE,1922257.54
3,2025,2025-07-01,424129,EVENTOS/SINISTROS CONHECIDOS OU AVISADOS DE ASSISTÊNCIA À SAÚDE,0.0
3,2025,2025-07-01,420786,EVENTOS/SINISTROS CONHECIDOS OU AVISADOS DE ASSISTÊNCIA À SAÚDE,20410071.83
3,2025,2025-07-01,420841,EVENTOS/SINISTROS CONHECIDOS OU AVISADOS DE ASSISTÊNCIA À SAÚDE,0.0
3,2025,2025-07-01,422304,EVENTOS/SINISTROS CONHECIDOS OU AVISADOS DE ASSISTÊNCIA À SAÚDE,4949606.18
3,2025,2025-07-01,422681,EVENTOS/SINISTROS CONHECIDOS OU AVISADOS DE ASSISTÊNCIA À SAÚDE,54464474.03
3,2025,2025-07-01,422771,EVENTOS/SINISTROS CONHECIDOS OU AVISADOS DE ASSISTÊNCIA À SAÚDE,62154551.27
3,2025,2025-07-01,423629,EVENTOS/SINISTROS CONHECIDOS OU AVISADOS DE ASSISTÊNCIA À SAÚDE,11969773.93
3,2025,2025-07-01,424170,EVENTOS/SINISTROS CONHECIDOS OU AVISADOS DE ASSISTÊNCIA À SAÚDE,1415012.71
3,2025,2025-07-01,424528,EVENTOS/SINISTROS CONHECIDOS OU AVISADOS DE ASSISTÊNCIA À SAÚDE,0.0
3,2025,2025-07-01,000582,EVENTOS/SINISTROS CONHECIDOS OU AVISADOS DE ASSISTÊNCIA À SAÚDE,4254887864.42
3,2025,2025-07-01,000884,EVENTOS/SINISTROS CONHECIDOS OU AVISADOS DE ASSISTÊNCIA À SAÚDE,247935324.18
3,2025,2025-07-01,300136,EVENTOS/SINISTROS CONHECIDOS OU AVISADOS DE ASSISTÊNCIA À SAÚDE,87254867.9
3,2025,2025-07-01,302147,EVENTOS/SINISTROS CONHECIDOS OU AVISADOS DE ASSISTÊNCIA À SAÚDE,4435266464.18
3,2025,2025-07-01,000515,EVENTOS/SINISTROS CONHECIDOS OU AVISADOS DE ASSISTÊNCIA À SAÚDE,19606884.87
3,2025,2025-07-01,419249,EVENTOS/SINISTROS CONHECIDOS OU AVISADOS DE ASSISTÊNCIA À SAÚDE,371743765.43
3,2025,2025-07-01,384704,EVENTOS/SINISTROS CONHECIDOS OU AVISADOS DE ASSISTÊNCIA À SAÚDE,21990705.91
3,2025,2025-07-01,385697,EVENTOS/SINISTROS CONHECIDOS OU AVISADOS DE ASSISTÊNCIA À SAÚDE,314947309.81
3,2025,2025-07-01,394734,EVENTOS/SINISTROS CONHECIDOS OU AVISADOS DE ASSISTÊNCIA À SAÚDE,55626420.94
3,2025,2025-07-01,406481,EVENTOS/SINISTROS CONHECIDOS OU AVISADOS DE ASSISTÊNCIA À SAÚDE,68907979.01
3,2025,2025-07-01,407569,EVENTOS/SINISTROS CONHECIDOS OU AVISADOS DE ASSISTÊNCIA À SAÚDE,5078171.33
3,2025,2025-07-01,410110,EVENTOS/SINISTROS CONHECIDOS OU AVISADOS DE ASSISTÊNCIA À SAÚDE,19100909.76
3,2025,2025-07-01,411809,EVENTOS/SINISTROS CONHECIDOS OU AVISADOS DE ASSISTÊNCIA À SAÚDE,8371504.75
3,2025,2025-07-01,413160,EVENTOS/SINISTROS CONHECIDOS OU AVISADOS DE ASSISTÊNCIA À SAÚDE,37870578.87
3,2025,2025-07-01,413283,EVENTOS/SINISTROS CONHECIDOS OU AVISADOS DE ASSISTÊNCIA À SAÚDE,3709811.23
3,2025,2025-07-01,413721,EVENTOS/SINISTROS CONHECIDOS OU AVISADOS DE ASSISTÊNCIA À SAÚDE,23721781.34
3,2025,2025-07-01,414492,EVENTOS/SINISTROS CONHECIDOS OU AVISADOS DE ASSISTÊNCIA À SAÚDE,138635434.65
3,2025,2025-07-01,415693,EVENTOS/SINISTROS CONHECIDOS OU AVISADOS DE ASSISTÊNCIA À SAÚDE,121287210.79
3,2025,2025-07-01,417548,EVENTOS/SINISTROS CONHECIDOS OU AVISADOS DE ASSISTÊNCIA À SAÚDE,135943779.09
3,2025,2025-07-01,418919,EVENTOS/SINISTROS CONHECIDOS OU AVISADOS DE ASSISTÊNCIA À SAÚDE,36950528.89
3,2025,2025-07-01,419133,EVENTOS/SINISTROS CONHECIDOS OU AVISADOS DE ASSISTÊNCIA À SAÚDE,0.0
3,2025,2025-07-01,393533,EVENTOS/SINISTROS CONHECIDOS OU AVISADOS DE ASSISTÊNCIA À SAÚDE,600.75
3,2025,2025-07-01,402206,EVENTOS/SINISTROS CONHECIDOS OU AVISADOS DE ASSISTÊNCIA À SAÚDE,16951188.75
3,2025,2025-07-01,411256,EVENTOS/SINISTROS CONHECIDOS OU AVISADOS DE ASSISTÊNCIA À SAÚDE,360798782.72
3,2025,2025-07-01,414310,EVENTOS/SINISTROS CONHECIDOS OU AVISADOS DE ASSISTÊNCIA À SAÚDE,88527673.63
3,2025,2025-07-01,416525,EVENTOS/SINISTROS CONHECIDOS OU AVISADOS DE ASSISTÊNCIA À SAÚDE,7194823.18
3,2025,2025-07-01,416738,EVENTOS/SINISTROS CONHECIDOS OU AVISADOS DE ASSISTÊNCIA À SAÚDE,62537839.28
3,2025,2025-07-01,417211,EVENTOS/SINISTROS CONHECIDOS OU AVISADOS DE ASSISTÊNCIA À SAÚDE,53984001.84
3,2025,2025-07-01,321958,EVENTOS/SINISTROS CONHECIDOS OU AVISADOS DE ASSISTÊNCIA À SAÚDE,242310767.05
3,2025,2025-07-01,302953,EVENTOS/SINISTROS CONHECIDOS OU AVISADOS DE ASSISTÊNCIA À SAÚDE,329067662.69
3,2025,2025-07-01,304123,EVENTOS/SINISTROS CONHECIDOS OU AVISADOS DE ASSISTÊNCIA À SAÚDE,40893354.77
3,2025,2025-07-01,304468,EVENTOS/SINISTROS CONHECIDOS OU AVISADOS DE ASSISTÊNCIA À SAÚDE,91827765.95
3,2025,2025-07-01,305928,EVENTOS/SINISTROS CONHECIDOS OU AVISADOS DE ASSISTÊNCIA À SAÚDE,5405722.68
3,2025,2025-07-01,311375,EVENTOS/SINISTROS CONHECIDOS OU AVISADOS DE ASSISTÊNCIA À SAÚDE,160488207.85
3,2025,2025-07-01,312363,EVENTOS/SINISTROS CONHECIDOS OU AVISADOS DE ASSISTÊNCIA À SAÚDE,3541449365.1
3,2025,2025-07-01,313751,EVENTOS/SINISTROS CONHECIDOS OU AVISADOS DE ASSISTÊNCIA À SAÚDE,30986427.34
3,2025,2025-07-01,314251,EVENTOS/SINISTROS CONHECIDOS OU AVISADOS DE ASSISTÊNCIA À SAÚDE,54605930.83
3,2025,2025-07-01,316148,EVENTOS/SINISTROS CONHECIDOS OU AVISADOS DE ASSISTÊNCIA À SAÚDE,83360492.38
3,2025,2025-07-01,316881,EVENTOS/SINISTROS CONHECIDOS OU AVISADOS DE ASSISTÊNCIA À SAÚDE,106529343.75
3,2025,2025-07-01,317233,EVENTOS/SINISTROS CONHECIDOS OU AVISADOS DE ASSISTÊNCIA À SAÚDE,258466345.48
3,2025,2025-07-01,318035,EVENTOS/SINISTROS CONHECIDOS OU AVISADOS DE ASSISTÊNCIA À SAÚDE,42584567.37
3,2025,2025-07-01,318388,EVENTOS/SINISTROS CONHECIDOS OU AVISADOS DE ASSISTÊNCIA À SAÚDE,87131406.96
3,2025,2025-07-01,324299,EVENTOS/SINISTROS CONHECIDOS OU AVISADOS DE ASSISTÊNCIA À SAÚDE,22120424.41
3,2025,2025-07-01,306126,EVENTOS/SINISTROS CONHECIDOS OU AVISADOS DE ASSISTÊNCIA À SAÚDE,141273553.65
3,2025,2025-07-01,312720,EVENTOS/SINISTROS CONHECIDOS OU AVISADOS DE ASSISTÊNCIA À SAÚDE,496766249.48
3,2025,2025-07-01,319384,EVENTOS/SINISTROS CONHECIDOS OU AVISADOS DE ASSISTÊNCIA À SAÚDE,123529277.15
3,2025,2025-07-01,320251,EVENTOS/SINISTROS CONHECIDOS OU AVISADOS DE ASSISTÊNCIA À SAÚDE,163182838.58
3,2025,2025-07-01,350346,EVENTOS/SINISTROS CONHECIDOS OU AVISADOS DE ASSISTÊNCIA À SAÚDE,15998625.69
3,2025,2025-07-01,351270,EVENTOS/SINISTROS CONHECIDOS OU AVISADOS DE ASSISTÊNCIA À SAÚDE,26840364.51
3,2025,2025-07-01,352543,EVENTOS/SINISTROS CONHECIDOS OU AVISADOS DE ASSISTÊNCIA À SAÚDE,137816710.01
3,2025,2025-07-01,354996,EVENTOS/SINISTROS CONHECIDOS OU AVISADOS DE ASSISTÊNCIA À SAÚDE,24968756.43
3,2025,2025-07-01,368253,EVENTOS/SINISTROS CONHECIDOS OU AVISADOS DE ASSISTÊNCIA À SAÚDE,7726767218.82
3,2025,2025-07-01,371564,EVENTOS/SINISTROS CONHECIDOS OU AVISADOS DE ASSISTÊNCIA À SAÚDE,25159995.86
3,2025,2025-07-01,371777,EVENTOS/SINISTROS CONHECIDOS OU AVISADOS DE ASSISTÊNCIA À SAÚDE,101127302.58
3,2025,2025-07-01,372609,EVENTOS/SINISTROS CONHECIDOS OU AVISADOS DE ASSISTÊNCIA À SAÚDE,177084717.19
3,2025,2025-07-01,353060,EVENTOS/SINISTROS CONHECIDOS OU AVISADOS DE ASSISTÊNCIA À SAÚDE,185133906.13
3,2025,2025-07-01,354325,EVENTOS/SINISTROS CONHECIDOS OU AVISADOS DE ASSISTÊNCIA À SAÚDE,61496472.65
3,2025,2025-07-01,354619,EVENTOS/SINISTROS CONHECIDOS OU AVISADOS DE ASSISTÊNCIA À SAÚDE,26490247.56
3,2025,2025-07-01,355691,EVENTOS/SINISTROS CONHECIDOS OU AVISADOS DE ASSISTÊNCIA À SAÚDE,467750241.42
3,2025,2025-07-01,358096,EVENTOS/SINISTROS CONHECIDOS OU AVISADOS DE ASSISTÊNCIA À SAÚDE,70470633.33
3,2025,2025-07-01,358436,EVENTOS/SINISTROS CONHECIDOS OU AVISADOS DE ASSISTÊNCIA À SAÚDE,14080426.85
3,2025,2025-07-01,359661,EVENTOS/SINISTROS CONHECIDOS OU AVISADOS DE ASSISTÊNCIA À SAÚDE,1847451063.56
3,2025,2025-07-01,360244,EVENTOS/SINISTROS CONHECIDOS OU AVISADOS DE ASSISTÊNCIA À SAÚDE,212704829.11
3,2025,2025-07-01,363391,EVENTOS/SINISTROS CONHECIDOS OU AVISADOS DE ASSISTÊNCIA À SAÚDE,4839540.7
3,2025,2025-07-01,365645,EVENTOS/SINISTROS CONHECIDOS OU AVISADOS DE ASSISTÊNCIA À SAÚDE,3778300.53
3,2025,2025-07-01,366439,EVENTOS/SINISTROS CONHECIDOS OU AVISADOS DE ASSISTÊNCIA À SAÚDE,15850191.2
3,2025,2025-07-01,419699,EVENTOS/SINISTROS CONHECIDOS OU AVISADOS DE ASSISTÊNCIA À SAÚDE,28892018.74
3,2025,2025-07-01,422398,EVENTOS/SINISTROS CONHECIDOS OU AVISADOS DE ASSISTÊNCIA À SAÚDE,66049334.63
3,2025,2025-07-01,422584,EVENTOS/SINISTROS CONHECIDOS OU AVISADOS DE ASSISTÊNCIA À SAÚDE,19448730.99
3,2025,2025-07-01,424188,EVENTOS/SINISTROS CONHECIDOS OU AVISADOS DE ASSISTÊNCIA À SAÚDE,1694912528.07
3,2025,2025-07-01,422746,EVENTOS/SINISTROS CONHECIDOS OU AVISADOS DE ASSISTÊNCIA À SAÚDE,2566757.59
3,2025,2025-07-01,423319,EVENTOS/SINISTROS CONHECIDOS OU AVISADOS DE ASSISTÊNCIA À SAÚDE,37937524.01
3,2025,2025-07-01,423912,EVENTOS/SINISTROS CONHECIDOS OU AVISADOS DE ASSISTÊNCIA À SAÚDE,392745.75
3,2025,2025-07-01,424161,EVENTOS/SINISTROS CONHECIDOS OU AVISADOS DE ASSISTÊNCIA À SAÚDE,0.0
3,2025,2025-07-01,419486,EVENTOS/SINISTROS CONHECIDOS OU AVISADOS DE ASSISTÊNCIA À SAÚDE,43318368.55
3,2025,2025-07-01,420158,EVENTOS/SINISTROS CONHECIDOS OU AVISADOS DE ASSISTÊNCIA À SAÚDE,83800129.85
3,2025,2025-07-01,420816,EVENTOS/SINISTROS CONHECIDOS OU AVISADOS DE ASSISTÊNCIA À SAÚDE,2067630.36
3,2025,2025-07-01,421006,EVENTOS/SINISTROS CONHECIDOS OU AVISADOS DE ASSISTÊNCIA À SAÚDE,44997082.78
3,2025,2025-07-01,422088,EVENTOS/SINISTROS CONHECIDOS OU AVISADOS DE ASSISTÊNCIA À SAÚDE,2859334.32
3,2025,2025-07-01,422321,EVENTOS/SINISTROS CONHECIDOS OU AVISADOS DE ASSISTÊNCIA À SAÚDE,48554866.8
3,2025,2025-07-01,422827,EVENTOS/SINISTROS CONHECIDOS OU AVISADOS DE ASSISTÊNCIA À SAÚDE,21347013.59
3,2025,2025-07-01,424145,EVENTOS/SINISTROS CONHECIDOS OU AVISADOS DE ASSISTÊNCIA À SAÚDE,0.0
3,2025,2025-07-01,419281,EVENTOS/SINISTROS CONHECIDOS OU AVISADOS DE ASSISTÊNCIA À SAÚDE,1278529.32
3,2025,2025-07-01,420085,EVENTOS/SINISTROS CONHECIDOS OU AVISADOS DE ASSISTÊNCIA À SAÚDE,14903838.76
3,2025,2025-07-01,421642,EVENTOS/SINISTROS CONHECIDOS OU AVISADOS DE ASSISTÊNCIA À SAÚDE,702026.84
3,2025,2025-07-01,421944,EVENTOS/SINISTROS CONHECIDOS OU AVISADOS DE ASSISTÊNCIA À SAÚDE,45057693.72
3,2025,2025-07-01,422134,EVENTOS/SINISTROS CONHECIDOS OU AVISADOS DE ASSISTÊNCIA À SAÚDE,0.0
3,2025,2025-07-01,423645,EVENTOS/SINISTROS CONHECIDOS OU AVISADOS DE ASSISTÊNCIA À SAÚDE,279402.12
3,2025,2025-07-01,424501,EVENTOS/SINISTROS CONHECIDOS OU AVISADOS DE ASSISTÊNCIA À SAÚDE,0.0
3,2025,2025-07-01,424544,EVENTOS/SINISTROS CONHECIDOS OU AVISADOS DE ASSISTÊNCIA À SAÚDE,0.0
3,2025,2025-07-01,304441,EVENTOS/SINISTROS CONHECIDOS OU AVISADOS DE ASSISTÊNCIA À SAÚDE,12158313.37
3,2025,2025-07-01,308811,EVENTOS/SINISTROS CONHECIDOS OU AVISADOS DE ASSISTÊNCIA À SAÚDE,28260156.14
3,2025,2025-07-01,314242,EVENTOS/SINISTROS CONHECIDOS OU AVISADOS DE ASSISTÊNCIA À SAÚDE,33441405.39
3,2025,2025-07-01,315265,EVENTOS/SINISTROS CONHECIDOS OU AVISADOS DE ASSISTÊNCIA À SAÚDE,55295977.33
3,2025,2025-07-01,315567,EVENTOS/SINISTROS CONHECIDOS OU AVISADOS DE ASSISTÊNCIA À SAÚDE,137906675.57
3,2025,2025-07-01,316873,EVENTOS/SINISTROS CONHECIDOS OU AVISADOS DE ASSISTÊNCIA À SAÚDE,104693645.93
3,2025,2025-07-01,317896,EVENTOS/SINISTROS CONHECIDOS OU AVISADOS DE ASSISTÊNCIA À SAÚDE,28580918.29
3,2025,2025-07-01,320897,EVENTOS/SINISTROS CONHECIDOS OU AVISADOS DE ASSISTÊNCIA À SAÚDE,67513232.05
3,2025,2025-07-01,321931,EVENTOS/SINISTROS CONHECIDOS OU AVISADOS DE ASSISTÊNCIA À SAÚDE,35210119.87
3,2025,2025-07-01,322571,EVENTOS/SINISTROS CONHECIDOS OU AVISADOS DE ASSISTÊNCIA À SAÚDE,91272407.28
3,2025,2025-07-01,323357,EVENTOS/SINISTROS CONHECIDOS OU AVISADOS DE ASSISTÊNCIA À SAÚDE,52373377.34
3,2025,2025-07-01,324493,EVENTOS/SINISTROS CONHECIDOS OU AVISADOS DE ASSISTÊNCIA À SAÚDE,153243633.49
3,2025,2025-07-01,303844,EVENTOS/SINISTROS CONHECIDOS OU AVISADOS DE ASSISTÊNCIA À SAÚDE,34791762.74
3,2025,2025-07-01,304531,EVENTOS/SINISTROS CONHECIDOS OU AVISADOS DE ASSISTÊNCIA À SAÚDE,7139825.22
3,2025,2025-07-01,305626,EVENTOS/SINISTROS CONHECIDOS OU AVISADOS DE ASSISTÊNCIA À SAÚDE,21965778.09
3,2025,2025-07-01,309907,EVENTOS/SINISTROS CONHECIDOS OU AVISADOS DE ASSISTÊNCIA À SAÚDE,99741955.05
3,2025,2025-07-01,311472,EVENTOS/SINISTROS CONHECIDOS OU AVISADOS DE ASSISTÊNCIA À SAÚDE,8054812.02
3,2025,2025-07-01,319180,EVENTOS/SINISTROS CONHECIDOS OU AVISADOS DE ASSISTÊNCIA À SAÚDE,42421989.07
3,2025,2025-07-01,419516,EVENTOS/SINISTROS CONHECIDOS OU AVISADOS DE ASSISTÊNCIA À SAÚDE,23761426.84
3,2025,2025-07-01,420093,EVENTOS/SINISTROS CONHECIDOS OU AVISADOS DE ASSISTÊNCIA À SAÚDE,3241422.84
3,2025,2025-07-01,421723,EVENTOS/SINISTROS CONHECIDOS OU AVISADOS DE ASSISTÊNCIA À SAÚDE,1552008.25
3,2025,2025-07-01,422029,EVENTOS/SINISTROS CONHECIDOS OU AVISADOS DE ASSISTÊNCIA À SAÚDE,213485866.51
3,2025,2025-07-01,422835,EVENTOS/SINISTROS CONHECIDOS OU AVISADOS DE ASSISTÊNCIA À SAÚDE,11828815.48
3,2025,2025-07-01,419419,EVENTOS/SINISTROS CONHECIDOS OU AVISADOS DE ASSISTÊNCIA À SAÚDE,28501613.14
3,2025,2025-07-01,419567,EVENTOS/SINISTROS CONHECIDOS OU AVISADOS DE ASSISTÊNCIA À SAÚDE,0.0
3,2025,2025-07-01,419974,EVENTOS/SINISTROS CONHECIDOS OU AVISADOS DE ASSISTÊNCIA À SAÚDE,6951299.02
3,2025,2025-07-01,420166,EVENTOS/SINISTROS CONHECIDOS OU AVISADOS DE ASSISTÊNCIA À SAÚDE,133867056.38
3,2025,2025-07-01,421715,EVENTOS/SINISTROS CONHECIDOS OU AVISADOS DE ASSISTÊNCIA À SAÚDE,0.0
3,2025,2025-07-01,422339,EVENTOS/SINISTROS CONHECIDOS OU AVISADOS DE ASSISTÊNCIA À SAÚDE,290102400.99
3,2025,2025-07-01,422754,EVENTOS/SINISTROS CONHECIDOS OU AVISADOS DE ASSISTÊNCIA À SAÚDE,986028.02
3,2025,2025-07-01,423548,EVENTOS/SINISTROS CONHECIDOS OU AVISADOS DE ASSISTÊNCIA À SAÚDE,8030419.22
3,2025,2025-07-01,423661,EVENTOS/SINISTROS CONHECIDOS OU AVISADOS DE ASSISTÊNCIA À SAÚDE,62181965.94
3,2025,2025-07-01,419851,EVENTOS/SINISTROS CONHECIDOS OU AVISADOS DE ASSISTÊNCIA À SAÚDE,8366936.99
3,2025,2025-07-01,420701,EVENTOS/SINISTROS CONHECIDOS OU AVISADOS DE ASSISTÊNCIA À SAÚDE,27293518.0
3,2025,2025-07-01,420930,EVENTOS/SINISTROS CONHECIDOS OU AVISADOS DE ASSISTÊNCIA À SAÚDE,694498.78
3,2025,2025-07-01,421197,EVENTOS/SINISTROS CONHECIDOS OU AVISADOS DE ASSISTÊNCIA À SAÚDE,73722503.33
3,2025,2025-07-01,421359,EVENTOS/SINISTROS CONHECIDOS OU AVISADOS DE ASSISTÊNCIA À SAÚDE,11737486.51
3,2025,2025-07-01,421561,EVENTOS/SINISTROS CONHECIDOS OU AVISADOS DE ASSISTÊNCIA À SAÚDE,611619.34
3,2025,2025-07-01,421871,EVENTOS/SINISTROS CONHECIDOS OU AVISADOS DE ASSISTÊNCIA À SAÚDE,7587473.92
3,2025,2025-07-01,422355,EVENTOS/SINISTROS CONHECIDOS OU AVISADOS DE ASSISTÊNCIA À SAÚDE,1446973.09
3,2025,2025-07-01,422720,EVENTOS/SINISTROS CONHECIDOS OU AVISADOS DE ASSISTÊNCIA À SAÚDE,185306737.27
3,2025,2025-07-01,423572,EVENTOS/SINISTROS CONHECIDOS OU AVISADOS DE ASSISTÊNCIA À SAÚDE,1416055.25
3,2025,2025-07-01,419958,EVENTOS/SINISTROS CONHECIDOS OU AVISADOS DE ASSISTÊNCIA À SAÚDE,24675766.93
3,2025,2025-07-01,420123,EVENTOS/SINISTROS CONHECIDOS OU AVISADOS DE ASSISTÊNCIA À SAÚDE,6355348.37
3,2025,2025-07-01,422151,EVENTOS/SINISTROS CONHECIDOS OU AVISADOS DE ASSISTÊNCIA À SAÚDE,14283011.29
3,2025,2025-07-01,422959,EVENTOS/SINISTROS CONHECIDOS OU AVISADOS DE ASSISTÊNCIA À SAÚDE,3777060.13
3,2025,2025-07-01,423718,EVENTOS/SINISTROS CONHECIDOS OU AVISADOS DE ASSISTÊNCIA À SAÚDE,6107963.91
3,2025,2025-07-01,423815,EVENTOS/SINISTROS CONHECIDOS OU AVISADOS DE ASSISTÊNCIA À SAÚDE,73391.52
3,2025,2025-07-01,420271,EVENTOS/SINISTROS CONHECIDOS OU AVISADOS DE ASSISTÊNCIA À SAÚDE,13415598.62
3,2025,2025-07-01,421154,EVENTOS/SINISTROS CONHECIDOS OU AVISADOS DE ASSISTÊNCIA À SAÚDE,33451968.96
3,2025,2025-07-01,422371,EVENTOS/SINISTROS CONHECIDOS OU AVISADOS DE ASSISTÊNCIA À SAÚDE,25493724.24
3,2025,2025-07-01,422941,EVENTOS/SINISTROS CONHECIDOS OU AVISADOS DE ASSISTÊNCIA À SAÚDE,2840.0
3,2025,2025-07-01,423335,EVENTOS/SINISTROS CONHECIDOS OU AVISADOS DE ASSISTÊNCIA À SAÚDE,36529994.88
3,2025,2025-07-01,419427,EVENTOS/SINISTROS CONHECIDOS OU AVISADOS DE ASSISTÊNCIA À SAÚDE,52821645.64
3,2025,2025-07-01,420000,EVENTOS/SINISTROS CONHECIDOS OU AVISADOS DE ASSISTÊNCIA À SAÚDE,48123161.29
3,2025,2025-07-01,421731,EVENTOS/SINISTROS CONHECIDOS OU AVISADOS DE ASSISTÊNCIA À SAÚDE,57716689.64
3,2025,2025-07-01,422479,EVENTOS/SINISTROS CONHECIDOS OU AVISADOS DE ASSISTÊNCIA À SAÚDE,153575.6
3,2025,2025-07-01,422576,EVENTOS/SINISTROS CONHECIDOS OU AVISADOS DE ASSISTÊNCIA À SAÚDE,0.0
3,2025,2025-07-01,422762,EVENTOS/SINISTROS CONHECIDOS OU AVISADOS DE ASSISTÊNCIA À SAÚDE,15703677.58
3,2025,2025-07-01,423181,EVENTOS/SINISTROS CONHECIDOS OU AVISADOS DE ASSISTÊNCIA À SAÚDE,249143.8
3,2025,2025-07-01,423262,EVENTOS/SINISTROS CONHECIDOS OU AVISADOS DE ASSISTÊNCIA À SAÚDE,362487.97
3,2025,2025-07-01,421421,EVENTOS/SINISTROS CONHECIDOS OU AVISADOS DE ASSISTÊNCIA À SAÚDE,194039590.07
3,2025,2025-07-01,421766,EVENTOS/SINISTROS CONHECIDOS OU AVISADOS DE ASSISTÊNCIA À SAÚDE,58971191.01
3,2025,2025-07-01,423173,EVENTOS/SINISTROS CONHECIDOS OU AVISADOS DE ASSISTÊNCIA À SAÚDE,158245390.52
3,2025,2025-07-01,419524,EVENTOS/SINISTROS CONHECIDOS OU AVISADOS DE ASSISTÊNCIA À SAÚDE,879575.0
3,2025,2025-07-01,419753,EVENTOS/SINISTROS CONHECIDOS OU AVISADOS DE ASSISTÊNCIA À SAÚDE,5870686.16
3,2025,2025-07-01,420981,EVENTOS/SINISTROS CONHECIDOS OU AVISADOS DE ASSISTÊNCIA À SAÚDE,5422860.88
3,2025,2025-07-01,421341,EVENTOS/SINISTROS CONHECIDOS OU AVISADOS DE ASSISTÊNCIA À SAÚDE,70451636.77
3,2025,2025-07-01,422053,EVENTOS/SINISTROS CONHECIDOS OU AVISADOS DE ASSISTÊNCIA À SAÚDE,0.17
3,2025,2025-07-01,422631,EVENTOS/SINISTROS CONHECIDOS OU AVISADOS DE ASSISTÊNCIA À SAÚDE,33191605.67
3,2025,2025-07-01,423408,EVENTOS/SINISTROS CONHECIDOS OU AVISADOS DE ASSISTÊNCIA À SAÚDE,382083.71
3,2025,2025-07-01,423564,EVENTOS/SINISTROS CONHECIDOS OU AVISADOS DE ASSISTÊNCIA À SAÚDE,811743.98
